FIRST_NAME,LAST_NAME,EMAIL_ID,EU_CITIZEN,NON_EU_CITIZEN
Francisco,Moses,timothy60@gmail.com,EU Citizen,
Kimberly,Jennings,mitchellstephanie@yahoo.com,,Non-EU Citizen
Elizabeth,Garcia,adam80@hotmail.com,,Non-EU Citizen
Kelly,Santiago,matthewsmith@hotmail.com,EU Citizen,
Amanda,Smith,martinryan@gmail.com,EU Citizen,
Taylor,Wood,wrightcaitlin@yahoo.com,EU Citizen,
Amanda,Moore,amanda61@campbell.com,,Non-EU Citizen
Holly,Williams,rking@george.com,EU Citizen,
Jeff,Kim,woodvalerie@yahoo.com,,Non-EU Citizen
Shawn,Taylor,johnmcdonald@yahoo.com,,Non-EU Citizen
Amanda,Richardson,ntate@hotmail.com,,Non-EU Citizen
James,Thomas,sarah26@yahoo.com,EU Citizen,
Michelle,Moore,owilliams@yahoo.com,EU Citizen,
Robert,James,justinhernandez@yahoo.com,EU Citizen,
Margaret,Baird,uwelch@hotmail.com,,Non-EU Citizen
Kathryn,Reid,codynelson@richardson-white.com,,Non-EU Citizen
Julia,Alvarez,mcampbell@gmail.com,,Non-EU Citizen
Martin,Austin,melissamurphy@taylor.com,,Non-EU Citizen
David,Cross,nicholas12@thompson.info,,Non-EU Citizen
Tiffany,Case,wisejessica@brown.biz,,Non-EU Citizen
Robert,Gonzalez,gonzalesdorothy@gmail.com,EU Citizen,
William,Garcia,tony95@hotmail.com,EU Citizen,
Anthony,Moore,ukaiser@watkins.org,EU Citizen,
Jennifer,Bell,irush@villanueva.net,,Non-EU Citizen
Anthony,Jackson,victor73@gmail.com,EU Citizen,
Robert,Bell,anthonyrice@gmail.com,,Non-EU Citizen
Jennifer,Lowe,zdyer@nelson-castro.com,EU Citizen,
William,Harris,blong@hotmail.com,EU Citizen,
Darlene,Collins,garmstrong@yahoo.com,EU Citizen,
Jasmine,Perez,howardryan@holland.com,,Non-EU Citizen
Keith,Porter,pauldiana@sanchez-taylor.org,,Non-EU Citizen
Matthew,Roberson,craig54@norris.com,,Non-EU Citizen
Susan,Cochran,bradley50@gomez-sanchez.info,EU Citizen,
Taylor,Yates,kellison@yahoo.com,EU Citizen,
Michael,Riley,laurie81@hotmail.com,,Non-EU Citizen
Alicia,Reeves,erinrobinson@wilson.org,,Non-EU Citizen
Heather,Wright,wrobbins@kelley-delgado.com,EU Citizen,
Zachary,Wolf,swatts@barker.com,,Non-EU Citizen
Melissa,Reyes,pklein@hotmail.com,,Non-EU Citizen
Robert,Mitchell,vflowers@yahoo.com,,Non-EU Citizen
Brian,Howard,sparksveronica@kramer.com,,Non-EU Citizen
Angela,Johnson,shieldsgregory@yahoo.com,EU Citizen,
Kristina,Coleman,murphyjoshua@smith.com,,Non-EU Citizen
Karen,Valentine,robert95@gmail.com,,Non-EU Citizen
Craig,Gill,dcole@smith.biz,,Non-EU Citizen
Suzanne,Davis,sbuchanan@kirk-garcia.com,EU Citizen,
Cindy,Mclaughlin,johnsonanthony@rowe.net,,Non-EU Citizen
Gregory,Jacobs,stevensjoshua@gmail.com,EU Citizen,
Jonathan,King,michaeljohn@tanner.com,EU Citizen,
Tanya,Garcia,rfox@love.com,,Non-EU Citizen
Margaret,Brown,emily19@hays-mitchell.com,EU Citizen,
Laura,Campbell,adam00@bowman.com,EU Citizen,
Katherine,Murphy,bmccoy@holt.org,,Non-EU Citizen
Michael,Tucker,randallmorris@hughes.com,,Non-EU Citizen
Denise,Ray,markclay@yahoo.com,,Non-EU Citizen
Amy,Henry,qbaker@martinez.com,EU Citizen,
Margaret,Smith,danhunter@pacheco.com,EU Citizen,
Caitlin,Gaines,mark29@white.com,EU Citizen,
Jennifer,Liu,brownchristopher@gmail.com,EU Citizen,
Kim,Cummings,sierramalone@gmail.com,EU Citizen,
Chloe,Wilkerson,andrewlopez@thomas.com,,Non-EU Citizen
Katie,Zimmerman,ypope@wong.biz,,Non-EU Citizen
Ronnie,Ortiz,joshua39@gmail.com,,Non-EU Citizen
Andrew,Paul,pettyerin@bentley.com,EU Citizen,
April,Thomas,rachelhiggins@dennis.info,EU Citizen,
Crystal,Bowen,wigginsderek@gmail.com,EU Citizen,
Christopher,James,nicole63@rollins-mills.info,EU Citizen,
Gail,Cruz,christopher61@gmail.com,EU Citizen,
Jill,Ingram,ian95@hotmail.com,EU Citizen,
Stephen,Hamilton,rebekah92@moon.com,,Non-EU Citizen
Rachel,Perry,haley14@peters-moore.com,EU Citizen,
Scott,Johnson,trussell@small.com,,Non-EU Citizen
Rachel,Woodard,mannmichael@hotmail.com,EU Citizen,
Michael,Fox,keith37@yahoo.com,EU Citizen,
Dominique,Montoya,toddortega@beard.com,,Non-EU Citizen
Margaret,Jones,mharris@yahoo.com,EU Citizen,
Mercedes,Bradshaw,kelly12@nelson.net,,Non-EU Citizen
Patricia,Edwards,leonardharvey@stuart.com,,Non-EU Citizen
Jamie,Harrison,nwhite@black.com,EU Citizen,
William,Garza,brookstiffany@howard.com,EU Citizen,
Brett,White,daniellemccarthy@yahoo.com,EU Citizen,
Aaron,Downs,ronaldsmith@zuniga.com,EU Citizen,
Tyler,Faulkner,colonrichard@wagner-murphy.net,,Non-EU Citizen
Francisco,Melton,jamesanthony@griffith.info,EU Citizen,
Andrew,Barrett,jcoleman@gmail.com,EU Citizen,
Courtney,Crawford,qmiller@gmail.com,,Non-EU Citizen
Alexandra,Sanchez,joshuawright@chambers.com,EU Citizen,
Matthew,Rogers,jamiekirk@moran.net,,Non-EU Citizen
Breanna,Green,markwilliams@barker-gardner.biz,EU Citizen,
Robert,Carter,lori69@robinson-cruz.com,EU Citizen,
Brandy,Anderson,michaelshah@butler.com,EU Citizen,
Donna,Hill,jasmine19@burton.com,EU Citizen,
Natalie,Garcia,yleon@molina.org,,Non-EU Citizen
Sara,Simmons,jillreeves@carter.org,EU Citizen,
Stephen,Johnson,valenzuelamegan@hotmail.com,EU Citizen,
Heidi,Lopez,shortkevin@stewart-miller.com,,Non-EU Citizen
Katherine,Levy,xstewart@hotmail.com,EU Citizen,
Richard,Cox,munozkeith@hotmail.com,,Non-EU Citizen
Jerry,Sweeney,alyssa88@henderson.com,EU Citizen,
Matthew,Rogers,tmartin@raymond.com,EU Citizen,
Linda,Parker,jenniferwood@gmail.com,EU Citizen,
Nicholas,Ruiz,vwilson@schmidt-rodriguez.com,,Non-EU Citizen
Robin,Pierce,morgancourtney@jackson.com,EU Citizen,
Cathy,Brown,isaac46@gmail.com,EU Citizen,
Jessica,Contreras,rhodesrobert@burns.com,,Non-EU Citizen
Brian,Dixon,kennethtorres@hotmail.com,EU Citizen,
James,Luna,kelseyjones@gmail.com,EU Citizen,
Willie,Garcia,michael12@kent.net,EU Citizen,
Natasha,Benson,sgonzalez@pruitt-romero.com,EU Citizen,
Anna,Barber,paul76@collins.com,,Non-EU Citizen
Bradley,Murphy,justin80@hotmail.com,,Non-EU Citizen
Katelyn,Wu,chadbrown@carr.com,EU Citizen,
Joe,Pittman,loganmadison@jones.net,EU Citizen,
Joseph,Vance,mosleyerica@kirby.info,,Non-EU Citizen
Michael,Mcfarland,jameskelly@yahoo.com,EU Citizen,
Lauren,Taylor,erin70@livingston.com,,Non-EU Citizen
Teresa,Velasquez,monicawallace@hotmail.com,EU Citizen,
Ryan,Rogers,uabbott@yahoo.com,EU Citizen,
Alisha,Gutierrez,mbray@gmail.com,,Non-EU Citizen
Kenneth,Vargas,wbrown@hughes-davis.com,,Non-EU Citizen
Abigail,Matthews,awilkerson@king.com,,Non-EU Citizen
Ashley,Whitehead,kevinjones@hotmail.com,,Non-EU Citizen
Christopher,Duncan,qmorrow@crawford.com,,Non-EU Citizen
Linda,Walker,joseholmes@kirby.com,EU Citizen,
Kathy,Dillon,marycollier@phillips.org,EU Citizen,
John,Hart,lunavalerie@yahoo.com,EU Citizen,
Diana,Chambers,robinharrison@gmail.com,EU Citizen,
April,Reed,paulrodriguez@yahoo.com,EU Citizen,
Christina,Davis,joanneashley@kelley-garcia.info,,Non-EU Citizen
Susan,Armstrong,brian95@harris-dunn.com,,Non-EU Citizen
Barry,Wall,marshallsarah@brown.com,EU Citizen,
Keith,Medina,rogersrobert@yahoo.com,EU Citizen,
Joshua,Jones,danielle07@gmail.com,,Non-EU Citizen
Janet,Velazquez,swilliams@martinez.net,EU Citizen,
Shawn,Smith,trevor30@king.net,EU Citizen,
Natalie,Rodriguez,chadwalker@hotmail.com,,Non-EU Citizen
Rebecca,Hubbard,angela74@gmail.com,,Non-EU Citizen
Mary,Graham,bradleydenise@yahoo.com,,Non-EU Citizen
Daniel,Warren,barbara40@hotmail.com,EU Citizen,
Jennifer,Garcia,matthew98@andrews.info,EU Citizen,
Teresa,Mckee,frank04@long.info,EU Citizen,
John,Wheeler,jordanrobert@ward-henderson.org,,Non-EU Citizen
Tyler,Marks,ukelly@hotmail.com,EU Citizen,
Krista,Robles,derek09@nolan-price.info,EU Citizen,
Joseph,Gaines,brian76@hotmail.com,EU Citizen,
Lacey,Bowen,kristinthornton@yahoo.com,EU Citizen,
Patrick,Reynolds,michelle95@hotmail.com,,Non-EU Citizen
Andrea,Long,lmoore@harper.com,EU Citizen,
Austin,Gonzalez,pscott@clark.com,EU Citizen,
Michael,White,dickersonjamie@wheeler-parks.info,EU Citizen,
Karen,Bell,donna46@kelley.com,,Non-EU Citizen
Ashley,Harding,samuel44@peters.biz,EU Citizen,
Nicole,Cook,bcross@hammond.com,,Non-EU Citizen
Denise,Avila,sharonfoster@dominguez.biz,EU Citizen,
Sandra,Vazquez,philip58@williams-carr.com,,Non-EU Citizen
Rhonda,Davis,woodsjennifer@dawson-wolf.info,EU Citizen,
Sharon,Williams,alexiscastro@taylor.biz,,Non-EU Citizen
Jerome,Miller,nancymcdonald@martin.com,,Non-EU Citizen
Connie,Lee,lisa60@yahoo.com,EU Citizen,
Steve,Rodriguez,clarkekim@hotmail.com,,Non-EU Citizen
Jessica,Webb,donaldhahn@snow-hunter.com,,Non-EU Citizen
Heather,Hampton,twright@yahoo.com,EU Citizen,
Carol,Anderson,omendoza@adams.net,EU Citizen,
Jacqueline,Williams,ksolomon@burns.com,,Non-EU Citizen
Joel,Steele,jenningskaren@gmail.com,,Non-EU Citizen
Tanya,Williams,eric66@yahoo.com,,Non-EU Citizen
Sean,Neal,jennifer46@robinson.org,,Non-EU Citizen
Jason,Smith,webbkristi@williamson.com,EU Citizen,
Michael,Nichols,christopher72@yahoo.com,,Non-EU Citizen
Stephanie,Alvarado,debrawilson@hotmail.com,,Non-EU Citizen
Andrew,Garcia,alexis08@yahoo.com,EU Citizen,
Mark,Smith,michellevelazquez@yahoo.com,,Non-EU Citizen
William,Holland,richardbell@shelton.com,EU Citizen,
Jessica,Brewer,jorge60@obrien-washington.net,EU Citizen,
Ashley,Lawrence,ufry@dominguez.com,EU Citizen,
Matthew,Santiago,yujoshua@gmail.com,EU Citizen,
Laura,Hernandez,halljohn@roman.net,EU Citizen,
Justin,Figueroa,gomezbrandon@yahoo.com,EU Citizen,
Heather,Coleman,jacobsonjulie@yahoo.com,EU Citizen,
Barbara,Garcia,paula67@conner-davis.com,,Non-EU Citizen
James,Hernandez,natasha86@white.net,,Non-EU Citizen
Lucas,Reid,ohenry@bennett-moody.com,,Non-EU Citizen
Tyrone,Watson,psantiago@gmail.com,EU Citizen,
Jonathan,Santos,mhoward@gmail.com,EU Citizen,
Cassandra,Green,hgonzalez@marsh.com,,Non-EU Citizen
Dale,Burgess,burnsamanda@yahoo.com,EU Citizen,
Jodi,Green,schroederjoel@woods-reed.biz,,Non-EU Citizen
Marcia,Burnett,lrodriguez@hotmail.com,,Non-EU Citizen
Bridget,Ho,hsullivan@flynn.com,,Non-EU Citizen
Larry,Colon,angelgregory@gmail.com,EU Citizen,
Jenna,Kelly,joe39@butler.com,EU Citizen,
Dustin,Sanchez,jamesvillanueva@jones.com,EU Citizen,
Megan,Larson,scottjohn@hotmail.com,,Non-EU Citizen
Cynthia,Jennings,mullinstyrone@gmail.com,,Non-EU Citizen
Richard,Stewart,javier70@gmail.com,,Non-EU Citizen
Kelly,Sullivan,austinmunoz@webb-lewis.biz,,Non-EU Citizen
Shaun,Santos,erinbrown@collins.com,EU Citizen,
Andrew,Dean,jrose@campbell-hoffman.org,,Non-EU Citizen
Kaitlyn,Harris,vhernandez@hotmail.com,EU Citizen,
Donald,Todd,melissafields@hotmail.com,EU Citizen,
Anthony,Davis,crystalblackwell@smith.net,,Non-EU Citizen
Mary,Steele,hernandezdavid@gmail.com,,Non-EU Citizen
Caitlin,Jacobs,danielleholmes@morris.com,,Non-EU Citizen
Heather,Stanton,nicole86@hotmail.com,EU Citizen,
Ashley,Howell,william71@alvarado.com,EU Citizen,
Felicia,Oliver,stevensmichael@spencer.com,,Non-EU Citizen
Debra,Jones,anthonyrios@hotmail.com,EU Citizen,
Joseph,Moore,zwagner@ramos-lee.info,,Non-EU Citizen
Kristin,Harrell,alanharrison@brown-wong.com,,Non-EU Citizen
Alexa,Poole,johnjohnson@roberson.net,,Non-EU Citizen
Belinda,Newman,rcole@white.com,EU Citizen,
Antonio,White,turnermichelle@gmail.com,EU Citizen,
Richard,Williams,obarrett@smith-anderson.org,EU Citizen,
Alison,Boyd,woodraymond@yahoo.com,EU Citizen,
Victoria,Mcintyre,harrismichael@miller-poole.net,EU Citizen,
Melinda,Dunn,thompsonrobert@hamilton-anderson.com,,Non-EU Citizen
Lisa,Cook,william11@yahoo.com,EU Citizen,
Jamie,Mccarthy,christopher86@gmail.com,EU Citizen,
Kimberly,Villarreal,michaeljenkins@scott.com,,Non-EU Citizen
Sarah,Waller,brownrichard@norris.com,EU Citizen,
Amy,Matthews,mckeelarry@logan.biz,EU Citizen,
Steve,Ross,brian35@gmail.com,,Non-EU Citizen
Ryan,Sherman,danieldennis@munoz.com,EU Citizen,
Victoria,Mendoza,moralesjamie@hotmail.com,,Non-EU Citizen
Erica,Walton,dpark@gmail.com,EU Citizen,
John,Gutierrez,jillianwilliams@gmail.com,EU Citizen,
Ian,Schwartz,conleychristina@yahoo.com,,Non-EU Citizen
Cynthia,Rodriguez,cervantesolivia@villanueva.net,EU Citizen,
Lindsey,Joseph,christinamitchell@yahoo.com,EU Citizen,
Jennifer,Norris,matthewwalters@hotmail.com,,Non-EU Citizen
Tamara,Stevens,fordjames@gmail.com,EU Citizen,
Jessica,Stone,renee09@mcdonald.com,,Non-EU Citizen
Michael,Lester,joseph41@yahoo.com,EU Citizen,
Ricky,Carlson,christopher85@garrison.biz,,Non-EU Citizen
Christine,Nelson,michael97@hotmail.com,,Non-EU Citizen
Wayne,Atkins,aaronsmith@gmail.com,,Non-EU Citizen
Joseph,Davis,christina75@hotmail.com,EU Citizen,
Michaela,Bird,ogonzalez@kaufman.net,,Non-EU Citizen
Kurt,Collins,chase97@yahoo.com,EU Citizen,
Ashley,Duncan,alexandriadennis@webb.org,,Non-EU Citizen
Melissa,Wong,lisawilson@hotmail.com,,Non-EU Citizen
Michael,Horton,andrea53@garcia-hill.org,EU Citizen,
Jeremy,Barajas,egonzalez@gmail.com,EU Citizen,
Jordan,Hardin,gordonsharon@gibson-oneill.com,,Non-EU Citizen
Sonia,Fleming,david14@johnson.info,EU Citizen,
Thomas,Rodriguez,bartonjasmin@gmail.com,EU Citizen,
Robert,Burgess,herbertwood@hotmail.com,EU Citizen,
Robin,Lopez,travislopez@hotmail.com,,Non-EU Citizen
Elizabeth,Gutierrez,thomasjoshua@hester-brown.com,EU Citizen,
Edward,Moore,walllisa@hamilton-conrad.com,,Non-EU Citizen
Judith,Saunders,olee@barrera.net,EU Citizen,
Daniel,Taylor,nicholas85@jordan-lopez.com,EU Citizen,
Karen,Fuentes,randy62@gmail.com,,Non-EU Citizen
Erika,Lopez,samanthamcconnell@barber.net,,Non-EU Citizen
Peter,Wright,stewartrichard@martin.org,,Non-EU Citizen
Cole,Campbell,tonycaldwell@gmail.com,EU Citizen,
Daniel,Morgan,andrewburgess@harmon.com,EU Citizen,
Kimberly,Lane,kyle73@jones.com,EU Citizen,
Cassie,Davis,xnavarro@johnson.com,EU Citizen,
Pamela,Sanders,ischroeder@peters-massey.com,EU Citizen,
Jamie,Wall,qsantiago@garcia.com,,Non-EU Citizen
Sarah,Sandoval,tevans@tucker-ruiz.net,,Non-EU Citizen
Megan,Paul,veronica73@yahoo.com,,Non-EU Citizen
Paula,Jones,ingramrhonda@reed.net,EU Citizen,
Samantha,Jackson,smithpaul@hotmail.com,EU Citizen,
Michael,Jackson,perezjennifer@gmail.com,,Non-EU Citizen
William,Sanchez,obradley@gmail.com,,Non-EU Citizen
Joseph,Stone,wadekevin@gmail.com,,Non-EU Citizen
Brett,Rojas,bakermadison@williams.com,,Non-EU Citizen
Aaron,Lucas,smithbrent@zavala.org,EU Citizen,
Matthew,Gomez,bishopfrank@yahoo.com,EU Citizen,
Rebecca,Burnett,trivers@hotmail.com,EU Citizen,
Jill,Villarreal,williamsdavid@collins.com,,Non-EU Citizen
Julie,Morton,wgarner@pace.net,,Non-EU Citizen
Alicia,Coleman,amyleonard@ray.info,,Non-EU Citizen
James,Hodges,keith25@yahoo.com,,Non-EU Citizen
Kevin,Kramer,jamiereid@hotmail.com,,Non-EU Citizen
Maurice,Wood,romanmaria@sanchez.org,EU Citizen,
Thomas,Bell,carrillomariah@yahoo.com,EU Citizen,
James,Rodriguez,susanwilliams@hotmail.com,,Non-EU Citizen
Kimberly,Cochran,icoleman@mitchell-owen.org,EU Citizen,
Laura,Fletcher,ibrooks@gmail.com,EU Citizen,
Elizabeth,Campbell,lwilson@gmail.com,EU Citizen,
Donna,Scott,guy93@yahoo.com,EU Citizen,
Nathan,Perry,joshua24@hotmail.com,EU Citizen,
Daniel,Conley,jrobinson@solomon-roth.net,EU Citizen,
Melissa,Richardson,tammyarmstrong@gmail.com,,Non-EU Citizen
Dawn,Alexander,gphillips@newman.com,,Non-EU Citizen
Jessica,May,jessicaharris@hill-guerrero.info,EU Citizen,
Kenneth,Miller,bobbyshepard@gmail.com,EU Citizen,
Tammy,Anthony,whull@hotmail.com,EU Citizen,
Molly,Foster,dsmith@yahoo.com,EU Citizen,
Anna,Cooper,jeffersonkristen@yahoo.com,EU Citizen,
Kenneth,Arnold,greendeborah@powell.com,EU Citizen,
Walter,Sharp,daniel02@yahoo.com,EU Citizen,
Lisa,Levine,johnsolis@reyes.com,EU Citizen,
David,Thomas,amberwright@hurley.com,,Non-EU Citizen
Antonio,Miller,ruth83@hotmail.com,EU Citizen,
Brandon,Williams,vtodd@gmail.com,EU Citizen,
Christopher,Reed,nicole51@fernandez-hernandez.org,,Non-EU Citizen
Mark,Smith,walkerariel@gmail.com,EU Citizen,
Nicholas,Freeman,zwest@rodriguez-simmons.com,EU Citizen,
Stephanie,Harris,sharrison@lee-tapia.net,,Non-EU Citizen
Pamela,Brown,wellschristine@yahoo.com,EU Citizen,
Ryan,Green,davisdavid@miller-phillips.com,EU Citizen,
Jerry,Miller,emeyers@holt.net,,Non-EU Citizen
Matthew,Trevino,woodregina@weeks.info,,Non-EU Citizen
Benjamin,Nguyen,hillmichael@hotmail.com,EU Citizen,
Melissa,Davis,wfleming@hotmail.com,EU Citizen,
Kevin,Weaver,faithhickman@gmail.com,,Non-EU Citizen
Steven,Porter,anita57@gmail.com,EU Citizen,
Jackie,Wood,nicolejacobson@yahoo.com,,Non-EU Citizen
Colin,Hull,bowens@hotmail.com,,Non-EU Citizen
Adam,Morris,jimenezkathleen@harris-barnett.net,EU Citizen,
Michelle,Smith,thernandez@thomas.com,,Non-EU Citizen
Joshua,Stone,austinharper@blanchard-lewis.biz,,Non-EU Citizen
Caleb,Williams,frank68@castillo.com,,Non-EU Citizen
Ryan,Chavez,ianwilliams@mendoza-cooper.biz,EU Citizen,
Sandra,Wallace,andrewperry@sanchez.com,EU Citizen,
Michael,Cooper,jphillips@gmail.com,EU Citizen,
Brandi,Valdez,leekeller@yahoo.com,EU Citizen,
John,Wilson,rachelbarr@murphy.org,EU Citizen,
Michele,Jones,james15@mora.com,EU Citizen,
Larry,Stein,matthew80@barnes-carrillo.net,EU Citizen,
Danny,Johnson,jeff86@yahoo.com,EU Citizen,
Amy,Johnson,fmarsh@hotmail.com,EU Citizen,
Sarah,Brooks,richardnatalie@schwartz-willis.com,EU Citizen,
Denise,Beasley,goldenlisa@watts.info,,Non-EU Citizen
Joyce,Cortez,moniquegraham@hotmail.com,EU Citizen,
Angela,Nguyen,smithtodd@nelson.com,EU Citizen,
Jeff,Patterson,zparker@yahoo.com,EU Citizen,
Loretta,Rivera,tracy09@gmail.com,,Non-EU Citizen
Heather,Gonzalez,gillespiecharles@yahoo.com,EU Citizen,
Linda,Orr,patrick12@garcia-hoffman.com,EU Citizen,
Sean,Cooper,beckerjoseph@yahoo.com,,Non-EU Citizen
Kevin,Ruiz,russellbell@torres-robinson.com,,Non-EU Citizen
Amy,Castro,bradleymayo@hotmail.com,,Non-EU Citizen
George,Cooke,richard14@hotmail.com,,Non-EU Citizen
Matthew,Abbott,taylorterry@steele.com,,Non-EU Citizen
Cheryl,Mason,margaretferrell@yahoo.com,EU Citizen,
Adam,Adams,fmarshall@davila.com,,Non-EU Citizen
Vincent,Klein,alexandradyer@hotmail.com,,Non-EU Citizen
Levi,Johnson,aboyd@holland-hines.com,EU Citizen,
Stephanie,Howard,sowens@hotmail.com,,Non-EU Citizen
Ronald,Torres,parkercollin@morgan.com,EU Citizen,
Scott,Harris,davismary@johnson-brown.com,,Non-EU Citizen
Jason,May,denisepearson@gmail.com,,Non-EU Citizen
Adam,Wilson,donna93@thompson.biz,,Non-EU Citizen
Donald,Conley,wernerthomas@gmail.com,,Non-EU Citizen
Dominic,Estrada,toddwilliam@gmail.com,EU Citizen,
John,Barber,penny99@gmail.com,EU Citizen,
Kayla,Perez,zwood@johnson-allen.com,,Non-EU Citizen
James,Martinez,icervantes@fox-thompson.com,,Non-EU Citizen
Andrew,Richards,pbennett@martinez.com,,Non-EU Citizen
Mark,Hoffman,michellebailey@flores.com,EU Citizen,
Cathy,Scott,benjamin00@whitaker-lambert.net,EU Citizen,
Brent,Woodard,castilloshawn@gmail.com,,Non-EU Citizen
Matthew,Guzman,nsanders@moore.info,,Non-EU Citizen
Julia,Lucas,esmith@vazquez-sandoval.info,,Non-EU Citizen
Michelle,Sanchez,ojones@gmail.com,EU Citizen,
Cynthia,Martin,moniqueabbott@sullivan-hernandez.biz,,Non-EU Citizen
Scott,Yates,brookehernandez@gmail.com,EU Citizen,
Adam,Quinn,tracey21@thompson-king.com,EU Citizen,
Ryan,Jones,thomas43@yahoo.com,,Non-EU Citizen
Michele,Colon,joshuaadams@gmail.com,,Non-EU Citizen
Penny,Williams,donaldsonpaul@hotmail.com,EU Citizen,
David,Anderson,mcgeerichard@gmail.com,EU Citizen,
Jason,Morales,deborahwilliams@smith.info,EU Citizen,
Vicki,Hendrix,janetjohnson@cervantes-moore.com,EU Citizen,
Theresa,Lopez,johnbowman@williamson.info,,Non-EU Citizen
Lisa,Ramsey,zpayne@gmail.com,,Non-EU Citizen
Andrew,Gray,nwilliams@mcneil.biz,EU Citizen,
Richard,Shah,zachary88@gmail.com,,Non-EU Citizen
Jason,Vasquez,cwilliams@yahoo.com,EU Citizen,
Randy,Jones,bridget35@alvarez-holland.biz,,Non-EU Citizen
Gina,Allen,xbishop@king.com,EU Citizen,
Christopher,Bowen,ywhite@english.com,,Non-EU Citizen
Timothy,Brown,devin00@yahoo.com,EU Citizen,
Susan,Cameron,flynnsharon@gmail.com,EU Citizen,
Ashley,Miller,jennifercooper@house.com,EU Citizen,
Mark,Rivas,smithjeremy@yahoo.com,,Non-EU Citizen
Jessica,Price,russellkevin@mcbride.com,EU Citizen,
Danny,Arias,morrisrachel@mckinney.com,EU Citizen,
Joshua,Pennington,asmith@gmail.com,,Non-EU Citizen
Jonathan,Singleton,christopher30@yahoo.com,,Non-EU Citizen
Gilbert,Hall,christensentracey@gmail.com,,Non-EU Citizen
Ricardo,Watson,colesuzanne@black-hall.com,EU Citizen,
Joseph,Franklin,gerald07@hernandez.info,EU Citizen,
Mary,Rodriguez,meltonjill@hotmail.com,,Non-EU Citizen
Kevin,Kaiser,lawrence10@wade-bryan.com,EU Citizen,
Todd,White,brian28@yahoo.com,,Non-EU Citizen
Monica,Sanchez,timothyschneider@lee.com,EU Citizen,
Alicia,Mullen,hnelson@strickland.com,,Non-EU Citizen
Joseph,Burton,bakeraudrey@gonzalez.org,EU Citizen,
Dylan,Oliver,matthew81@thompson.info,EU Citizen,
Frederick,Myers,ronald41@yahoo.com,,Non-EU Citizen
Kristin,Johnson,kyle74@cardenas.org,EU Citizen,
Stephanie,Cox,aadams@hotmail.com,,Non-EU Citizen
Jason,Nolan,michelleespinoza@hotmail.com,,Non-EU Citizen
Gary,Nelson,evillanueva@taylor.net,EU Citizen,
Matthew,Harrison,skennedy@dominguez.com,EU Citizen,
Amanda,Hoffman,singhlinda@gmail.com,EU Citizen,
Adam,Miller,hickmannathan@griffin.com,,Non-EU Citizen
Mark,Ortiz,meyernathaniel@espinoza.com,EU Citizen,
Matthew,Weeks,kristen08@butler.com,EU Citizen,
Aaron,Ayala,ericayala@glass.org,EU Citizen,
Brandon,Goodman,johnbrennan@wells-henry.com,,Non-EU Citizen
Heather,Allen,adamsgerald@carter.biz,EU Citizen,
William,Underwood,briancampbell@robertson.com,,Non-EU Citizen
Mary,West,nathan33@warren.com,EU Citizen,
Ryan,Ward,robertsnow@haas-garza.org,EU Citizen,
Robert,Hall,jweber@yahoo.com,EU Citizen,
Tina,Gibson,garyjones@mathews.org,EU Citizen,
Brian,Walton,wbaldwin@hotmail.com,EU Citizen,
Stacey,Thomas,sherri42@hotmail.com,EU Citizen,
Cody,Hale,williamsontina@lara.com,,Non-EU Citizen
Haley,Williams,bmartinez@gibson.com,,Non-EU Citizen
Nichole,Nelson,pperkins@arnold-fernandez.com,EU Citizen,
Stephanie,Wright,mcdowellryan@martin.com,,Non-EU Citizen
Chad,Rhodes,mirandawang@fuller.com,EU Citizen,
Benjamin,Colon,brianaarnold@kelly.biz,EU Citizen,
Margaret,Lutz,emily67@yahoo.com,,Non-EU Citizen
Rebecca,Torres,smithkelsey@gmail.com,EU Citizen,
Destiny,Smith,kelly58@hotmail.com,EU Citizen,
Tiffany,Smith,twilkinson@hotmail.com,,Non-EU Citizen
William,Palmer,karabarker@hotmail.com,,Non-EU Citizen
Kelly,Hill,brandy48@miller.com,EU Citizen,
Matthew,Anderson,fsmith@fox.biz,EU Citizen,
Allison,Collins,petersondouglas@hart.com,,Non-EU Citizen
Dakota,Savage,watsonmichael@gmail.com,,Non-EU Citizen
Janet,Garcia,christian32@gmail.com,EU Citizen,
Rachel,Faulkner,josethompson@miller-williams.com,EU Citizen,
Ryan,Moore,joseph05@hotmail.com,,Non-EU Citizen
Sarah,Morales,pamelawalker@yahoo.com,,Non-EU Citizen
Brent,Lopez,colinperez@morris.com,,Non-EU Citizen
Douglas,Wiley,michaelawilliams@yahoo.com,EU Citizen,
Cory,Velasquez,amy38@yahoo.com,,Non-EU Citizen
Jessica,Wallace,anthony53@smith.biz,,Non-EU Citizen
Jennifer,Simpson,eddie79@griffith.com,EU Citizen,
Loretta,Walker,charles65@jenkins-navarro.org,,Non-EU Citizen
Wayne,Bell,lutzmichael@walker.net,,Non-EU Citizen
Brittany,Bowers,josephhowe@gmail.com,EU Citizen,
Paul,Allen,jpace@yahoo.com,,Non-EU Citizen
Kevin,Johnson,justinrodriguez@campbell-livingston.com,EU Citizen,
Brandon,Terrell,frangel@davis.biz,,Non-EU Citizen
Thomas,Schmidt,kaitlinkeith@price-vargas.com,,Non-EU Citizen
Brandon,Stuart,fishererin@hotmail.com,EU Citizen,
Bryan,Griffin,douglas35@jones.biz,EU Citizen,
Kevin,Sanchez,stricklandcynthia@lopez.com,,Non-EU Citizen
Amy,Bell,steven20@jackson.com,EU Citizen,
Lisa,Hill,sherrylewis@bates.com,EU Citizen,
Jason,Moore,gardnerlinda@west-mcintosh.com,EU Citizen,
Thomas,Williams,amanda97@gmail.com,,Non-EU Citizen
Curtis,Hudson,brennancynthia@yahoo.com,EU Citizen,
Brandon,Morris,lydialogan@hotmail.com,EU Citizen,
Nancy,Alvarado,rebecca42@yahoo.com,EU Citizen,
Linda,Thompson,fgallegos@gardner.biz,EU Citizen,
Tracy,Carter,lbrown@hotmail.com,EU Citizen,
David,Adams,xbrowning@gmail.com,EU Citizen,
Julian,Velazquez,patricia65@schmidt.com,,Non-EU Citizen
Richard,White,erica41@jones-walker.com,EU Citizen,
Mary,Jackson,tgarcia@yahoo.com,EU Citizen,
Kelsey,Lee,lrodriguez@yahoo.com,,Non-EU Citizen
Lee,Anderson,zharris@gmail.com,EU Citizen,
Michael,Luna,deborahstephens@ross-tapia.com,EU Citizen,
William,Madden,christopher01@yahoo.com,,Non-EU Citizen
Julie,Anderson,cookaustin@romero-bishop.com,EU Citizen,
Maria,Price,perezrachel@hotmail.com,EU Citizen,
David,Decker,tony96@johnson.org,,Non-EU Citizen
Mitchell,Foster,michael78@phillips.info,,Non-EU Citizen
Eric,Phillips,hernandezwendy@murray-scott.biz,,Non-EU Citizen
Jeremy,Banks,abigailolson@lam.com,,Non-EU Citizen
Rebecca,Miller,mckenziemooney@terrell.com,,Non-EU Citizen
Nancy,Kaufman,joeanthony@brown-fleming.com,EU Citizen,
Jasmine,Nguyen,shannonwilliams@sawyer.com,,Non-EU Citizen
Rhonda,Anderson,campbellgregory@tate.com,,Non-EU Citizen
Rodney,Carlson,mason56@gmail.com,,Non-EU Citizen
Kaitlyn,Russell,melindamartin@gmail.com,,Non-EU Citizen
Joshua,Lopez,thomas05@thomas.com,,Non-EU Citizen
Brooke,Carlson,jennifershannon@gray.org,,Non-EU Citizen
Scott,Gonzalez,cmeyers@cook.com,,Non-EU Citizen
Scott,Lynn,raymond75@robinson-estrada.com,,Non-EU Citizen
David,Reeves,stephanie96@hotmail.com,EU Citizen,
Robert,Heath,rodriguezwilliam@yahoo.com,EU Citizen,
Daniel,Scott,jillmay@yahoo.com,EU Citizen,
Colton,Johnson,elliottmichael@gonzalez-hughes.com,EU Citizen,
Lisa,Reyes,garykemp@smith.com,EU Citizen,
Robert,Jackson,amoore@king.com,EU Citizen,
Rebecca,Smith,roberto07@dickson.com,EU Citizen,
Janet,Campbell,amanda50@garcia.com,,Non-EU Citizen
Daniel,Gross,cdorsey@yahoo.com,EU Citizen,
Michael,Meadows,elizabeth13@gmail.com,,Non-EU Citizen
Katie,Haas,kmiranda@yahoo.com,,Non-EU Citizen
Peter,Crawford,zlopez@hotmail.com,,Non-EU Citizen
Heather,Hamilton,deborah65@cook-ward.com,EU Citizen,
Jeffrey,Murphy,bauergarrett@mccarthy.info,,Non-EU Citizen
Lauren,Hernandez,ewright@yahoo.com,,Non-EU Citizen
Maria,Murray,adam59@yahoo.com,,Non-EU Citizen
Julie,Munoz,kimberly69@lawson-morton.net,EU Citizen,
Jose,Sawyer,tleach@mullins.com,EU Citizen,
Jeffrey,Martinez,thompsondarren@hernandez-richards.com,EU Citizen,
John,Joseph,marychavez@gill.com,EU Citizen,
Barbara,Davis,colemantiffany@waters-edwards.com,EU Citizen,
Mark,Hodge,whitneybradshaw@gmail.com,,Non-EU Citizen
Amy,Hardy,annawashington@gmail.com,,Non-EU Citizen
Brittany,Gordon,everetteric@henderson-sparks.com,EU Citizen,
Cody,Gomez,hansenbrian@williams.com,,Non-EU Citizen
Noah,Martinez,mbecker@clark-sanders.com,,Non-EU Citizen
Linda,Manning,jessicamccullough@ayers.com,,Non-EU Citizen
Miranda,Jones,iramirez@cooper.com,EU Citizen,
John,Cruz,jack23@wong-warren.com,,Non-EU Citizen
Jacob,Ross,frederickmunoz@hoover.com,,Non-EU Citizen
Kyle,Gill,joshuanelson@smith.org,EU Citizen,
Tracy,Rivera,fmckinney@yahoo.com,,Non-EU Citizen
Sarah,Watson,julia04@stewart-howell.com,EU Citizen,
Leon,Price,leahclay@allen.biz,EU Citizen,
Michael,Waller,rachel99@gmail.com,,Non-EU Citizen
Maurice,Mckenzie,joseph52@taylor-wells.net,,Non-EU Citizen
Morgan,Collins,xhanson@hotmail.com,,Non-EU Citizen
Daniel,Davenport,carlahenry@harris.com,EU Citizen,
Jennifer,Cole,samuel82@hotmail.com,,Non-EU Citizen
Teresa,Ford,bross@yahoo.com,,Non-EU Citizen
Michael,Garcia,lisapatterson@yahoo.com,EU Citizen,
Vicki,Jefferson,wareedward@hotmail.com,,Non-EU Citizen
Joshua,Dennis,mcgeeerica@baird.com,EU Citizen,
Alicia,George,ernest26@lopez.com,EU Citizen,
Nicole,Cummings,jessewilson@gmail.com,,Non-EU Citizen
Brian,Pearson,stephenmatthews@smith.com,,Non-EU Citizen
Victor,Briggs,stephanierivera@yahoo.com,EU Citizen,
Breanna,Gardner,denise63@gmail.com,EU Citizen,
Ryan,Gilbert,roachmarissa@mayer-henderson.biz,EU Citizen,
Maria,Smith,jasonsmith@yahoo.com,EU Citizen,
Tracy,Greene,hwright@gmail.com,,Non-EU Citizen
Melanie,Jenkins,hdonovan@quinn.info,EU Citizen,
Scott,Pena,edwardsrandall@gmail.com,,Non-EU Citizen
Douglas,Flores,michaelmyers@hotmail.com,,Non-EU Citizen
Thomas,Taylor,mackrichard@clarke.com,,Non-EU Citizen
Travis,Watkins,tuckerjenna@yahoo.com,,Non-EU Citizen
Paul,Wilcox,jonespaul@wiley.com,EU Citizen,
Ryan,Obrien,vharrison@pineda-bishop.biz,EU Citizen,
Kenneth,Hill,katherine64@love.com,EU Citizen,
Kelly,Page,escobartristan@smith.com,EU Citizen,
David,Baxter,wbush@holmes.info,EU Citizen,
Eileen,Walton,landryandrea@yahoo.com,EU Citizen,
Tiffany,Foster,cynthia40@carr.com,EU Citizen,
Molly,Thomas,hornmonica@gmail.com,EU Citizen,
Victor,Reyes,thill@beck-martin.com,EU Citizen,
Daniel,Yang,paulhendricks@shaw.com,EU Citizen,
Shannon,Melendez,andreatravis@hotmail.com,EU Citizen,
Sarah,Myers,wrightkrystal@bennett-duarte.com,EU Citizen,
Stephen,Rios,padillalisa@gmail.com,,Non-EU Citizen
John,Hughes,jefferyherman@young.com,,Non-EU Citizen
Sarah,Tucker,ndavies@yahoo.com,,Non-EU Citizen
Joshua,Hunt,micheleroman@gmail.com,EU Citizen,
Angela,Gomez,kblackwell@yahoo.com,,Non-EU Citizen
Stephanie,Stone,rwilliams@hotmail.com,EU Citizen,
William,Greene,ijimenez@reyes.info,,Non-EU Citizen
Shirley,Larson,bbean@hotmail.com,EU Citizen,
Kim,Duarte,rebeccamoody@hotmail.com,EU Citizen,
Isaac,Pierce,donald85@gmail.com,,Non-EU Citizen
Kyle,Lang,cookpeter@yahoo.com,EU Citizen,
Jeanette,Hart,rebecca22@barber.org,EU Citizen,
Zachary,Cochran,barbara65@carpenter-hutchinson.org,EU Citizen,
Megan,Watts,robinsonadrienne@yahoo.com,EU Citizen,
Andrea,Griffin,efuller@hotmail.com,EU Citizen,
William,Duran,adam31@gmail.com,EU Citizen,
Jennifer,Villarreal,mpreston@yahoo.com,EU Citizen,
Juan,Mccormick,davidowens@velasquez.com,,Non-EU Citizen
Erika,Rowe,smora@jackson.com,,Non-EU Citizen
Susan,Tran,robert13@yahoo.com,EU Citizen,
Angela,Camacho,alisonjordan@gmail.com,EU Citizen,
April,Thompson,nicholasgentry@yahoo.com,,Non-EU Citizen
Julie,Stark,sjohnson@stewart-mckinney.com,,Non-EU Citizen
Shannon,Daniels,jaylynch@yahoo.com,,Non-EU Citizen
Evan,Washington,coopermatthew@walter.org,EU Citizen,
Matthew,Carson,williamsrichard@yahoo.com,EU Citizen,
Tiffany,Eaton,nguyenkenneth@greene-mccarthy.org,,Non-EU Citizen
Marco,Barton,stephenashley@jones-walker.com,EU Citizen,
Anthony,Alvarado,robin79@edwards.com,,Non-EU Citizen
Steven,Summers,smithmargaret@hotmail.com,,Non-EU Citizen
Walter,Greer,laurahobbs@holmes.com,,Non-EU Citizen
Steven,Ibarra,pgonzalez@james.com,EU Citizen,
Kelly,Martin,lisabutler@montgomery-baker.com,EU Citizen,
Danny,Hardy,ksalas@yahoo.com,,Non-EU Citizen
Joyce,Sanchez,christinewilson@hotmail.com,EU Citizen,
Austin,Jones,jacobwright@hotmail.com,EU Citizen,
Brooke,Hernandez,ingramkimberly@holt.info,EU Citizen,
Andrea,Mcguire,schultzkimberly@yahoo.com,,Non-EU Citizen
Meghan,Lee,sethhobbs@yahoo.com,,Non-EU Citizen
Nichole,Zuniga,elizabethcollins@lambert.com,,Non-EU Citizen
Kathryn,Davidson,sancheznathaniel@love.com,,Non-EU Citizen
Michael,Chavez,andersongeorge@jensen-barrett.info,EU Citizen,
Holly,Hunter,victorgilbert@yahoo.com,EU Citizen,
Tyler,Poole,hoodterrence@hotmail.com,EU Citizen,
Jasmine,Rodriguez,catherine27@jimenez.info,EU Citizen,
Wendy,Collier,rubenjohnson@yahoo.com,,Non-EU Citizen
James,Peters,vstrong@yahoo.com,,Non-EU Citizen
Jason,Ortiz,brenda72@porter-collins.com,,Non-EU Citizen
Destiny,Reynolds,dylanwest@hotmail.com,EU Citizen,
Gloria,Bautista,taylorcarolyn@gutierrez.org,EU Citizen,
Kristen,Santiago,danieldoyle@gmail.com,EU Citizen,
Daniel,White,douglasbrianna@hotmail.com,,Non-EU Citizen
Nicholas,Lewis,nicholasmoore@hotmail.com,EU Citizen,
Jill,Davidson,justin29@fisher.biz,,Non-EU Citizen
Meagan,Porter,zanderson@gmail.com,EU Citizen,
Christopher,Sherman,davidleblanc@perez.net,EU Citizen,
Tristan,Wiggins,mullencrystal@johnson-james.com,,Non-EU Citizen
Seth,Anderson,mclaughlinangela@barnes-miranda.com,EU Citizen,
Joseph,Mcdowell,brandy36@yahoo.com,,Non-EU Citizen
Vicki,Sutton,vlopez@gmail.com,EU Citizen,
Daniel,Rodriguez,ycarey@yahoo.com,EU Citizen,
Amanda,Obrien,blopez@yahoo.com,EU Citizen,
Ryan,Schneider,bennettshane@reynolds-avila.info,,Non-EU Citizen
Robert,Campos,brendamoore@schultz.com,,Non-EU Citizen
Yolanda,Jones,stephensantonio@villa.com,,Non-EU Citizen
Matthew,Aguilar,elizabethgarcia@gmail.com,EU Citizen,
Amber,Graham,vpace@wilson.info,EU Citizen,
Michael,Tran,allisonturner@hotmail.com,,Non-EU Citizen
Joseph,Goodman,kholden@gmail.com,,Non-EU Citizen
Margaret,Cook,rachel50@gmail.com,,Non-EU Citizen
Kimberly,Nolan,cbradford@yahoo.com,EU Citizen,
Maureen,Bowman,xdaniel@hotmail.com,,Non-EU Citizen
Michelle,Valenzuela,michelecole@gmail.com,EU Citizen,
Patricia,Fuentes,emily63@carter.com,,Non-EU Citizen
Edward,Clark,teresapratt@rodriguez.org,EU Citizen,
Brandon,Anderson,crystalcole@stark.biz,,Non-EU Citizen
Jennifer,Armstrong,heidi80@cook.com,EU Citizen,
Brenda,Nolan,jennifer80@yahoo.com,,Non-EU Citizen
David,Powell,csmith@rose-dalton.org,EU Citizen,
Edward,Snyder,megan22@hotmail.com,,Non-EU Citizen
Eric,Walters,michael96@gmail.com,,Non-EU Citizen
David,Lindsey,evelynsmith@lynch.net,EU Citizen,
Kristen,Gomez,ugarcia@maldonado.info,EU Citizen,
Daniel,Smith,ddavis@mcconnell-bullock.info,,Non-EU Citizen
Zachary,Blevins,crystaledwards@bradford.com,EU Citizen,
Andrew,Robles,gsantiago@miranda-ellis.org,,Non-EU Citizen
Wesley,Allen,mcgeejo@yahoo.com,,Non-EU Citizen
Lisa,Bean,monica41@hotmail.com,,Non-EU Citizen
Reginald,Frazier,trivera@hotmail.com,EU Citizen,
Emily,Wallace,rachelhenderson@holland-salazar.net,EU Citizen,
Amy,Bishop,thompsonjonathan@nguyen.biz,EU Citizen,
Kimberly,Lopez,mollyking@gmail.com,,Non-EU Citizen
Jacqueline,Smith,emily47@yahoo.com,,Non-EU Citizen
Angela,Schroeder,lisa33@diaz.org,EU Citizen,
Nancy,Wilcox,michaelmaldonado@davis-stewart.biz,,Non-EU Citizen
Edward,Madden,myersmary@hotmail.com,EU Citizen,
Jodi,Johnston,adam82@yahoo.com,,Non-EU Citizen
Dylan,Morris,smithmonica@barton.biz,,Non-EU Citizen
Edward,Kerr,melissacastillo@scott.org,EU Citizen,
Allen,Cobb,jonesroy@perry-nunez.org,,Non-EU Citizen
Kristen,Palmer,zwhite@thompson.com,EU Citizen,
Patricia,Vaughn,cjordan@young.com,EU Citizen,
Michael,Brown,allen24@ford-morris.com,EU Citizen,
Julia,Murphy,codyhall@townsend.net,,Non-EU Citizen
Paul,Haynes,mike44@hotmail.com,EU Citizen,
Christina,Rice,mary34@arellano-acosta.com,EU Citizen,
Katherine,Mosley,deborahgould@yahoo.com,EU Citizen,
Jeffrey,Browning,walshtiffany@gmail.com,,Non-EU Citizen
Robert,Lee,chavezdonald@bush-padilla.com,EU Citizen,
Shawn,Williams,wlin@brock.com,EU Citizen,
Joe,Vang,amy71@smith-johnson.org,,Non-EU Citizen
Jeffrey,Roy,trogers@stewart-oconnor.com,EU Citizen,
Theresa,Smith,willismary@hotmail.com,,Non-EU Citizen
Meghan,Griffin,ewashington@hotmail.com,,Non-EU Citizen
Jerome,Gordon,nhenry@berg.biz,EU Citizen,
Walter,Lee,uwashington@yahoo.com,,Non-EU Citizen
Karl,Ortiz,lopezmike@gmail.com,EU Citizen,
Michael,Cook,timothy39@yahoo.com,,Non-EU Citizen
Robert,Aguirre,bnelson@hotmail.com,EU Citizen,
Patricia,Holder,ericfernandez@hotmail.com,,Non-EU Citizen
Becky,Hudson,thoover@atkins.com,EU Citizen,
Amy,Norris,thomas32@gonzalez-jones.net,,Non-EU Citizen
Rebecca,Wu,westrada@gmail.com,,Non-EU Citizen
Ronnie,Gilbert,foxjoshua@gmail.com,,Non-EU Citizen
Stacy,Davis,fullerchristopher@gmail.com,,Non-EU Citizen
Haley,Long,clarkmatthew@murphy.com,,Non-EU Citizen
Travis,Schwartz,sullivanphilip@gmail.com,EU Citizen,
Stephen,Porter,johnthompson@turner-rose.net,,Non-EU Citizen
Susan,Hernandez,jacobcollins@carter.com,EU Citizen,
Victor,Davis,mriley@aguilar-campos.biz,,Non-EU Citizen
Brian,Herrera,oware@morris-campbell.net,EU Citizen,
Beth,Duffy,cherylwallace@cruz.com,EU Citizen,
Crystal,Gutierrez,ericajohnson@glenn.com,,Non-EU Citizen
Richard,Martinez,kaitlyngonzalez@yahoo.com,EU Citizen,
Jennifer,Holloway,ybrown@hotmail.com,EU Citizen,
Alison,Love,dustinglenn@barr-gordon.info,EU Citizen,
Alvin,Lynch,josephmcfarland@williams.com,EU Citizen,
Kimberly,Hill,tyler42@yahoo.com,,Non-EU Citizen
William,Lopez,samuelbuchanan@howard.com,EU Citizen,
Tammy,Foley,fgriffin@hotmail.com,EU Citizen,
Joseph,Huerta,uking@jones.com,EU Citizen,
Jeremy,Gutierrez,matthewssamuel@hotmail.com,,Non-EU Citizen
Mary,Wright,pgill@hotmail.com,,Non-EU Citizen
Donald,Stewart,nicole61@gmail.com,,Non-EU Citizen
Jared,Mercado,huntchristopher@ward.com,,Non-EU Citizen
Nathan,Williams,wilkinsomar@hotmail.com,,Non-EU Citizen
Felicia,Pacheco,bondalyssa@gmail.com,,Non-EU Citizen
Mark,Perry,riverscynthia@hurley.com,EU Citizen,
Amber,Anderson,lanephilip@cannon.com,EU Citizen,
Michelle,James,ngonzalez@hotmail.com,EU Citizen,
Joshua,Proctor,timothytorres@rodriguez.com,EU Citizen,
Amanda,Norris,rachel71@hotmail.com,,Non-EU Citizen
James,Kane,harrisjacob@briggs-jones.com,,Non-EU Citizen
Michael,Reed,tammycoffey@brown.org,EU Citizen,
Thomas,Walker,powerspaige@long.org,,Non-EU Citizen
Alexis,Mcbride,uperry@gmail.com,EU Citizen,
Michael,Johnson,ryan07@gmail.com,EU Citizen,
Catherine,Thomas,monica62@hotmail.com,EU Citizen,
Jim,Peterson,jeffreymassey@gray.com,EU Citizen,
Alan,Ford,griffinlindsey@chung-garcia.info,EU Citizen,
Elizabeth,Gordon,danielchen@gmail.com,EU Citizen,
Paul,Lyons,freemanrobert@taylor.org,,Non-EU Citizen
Suzanne,Williams,michelletrevino@gmail.com,,Non-EU Citizen
Christine,Morales,gallowaycraig@yahoo.com,EU Citizen,
Robert,Munoz,davidcollins@gmail.com,,Non-EU Citizen
Christian,Patton,taylorjennifer@ayala.com,EU Citizen,
Kimberly,Lopez,colin17@reed.biz,EU Citizen,
Tonya,Edwards,charles40@hobbs-smith.com,EU Citizen,
Kimberly,Hill,tammyward@wise.info,EU Citizen,
Victoria,Fox,johnstewart@gmail.com,,Non-EU Citizen
Kenneth,Dean,michaelwilliams@welch-jordan.com,EU Citizen,
Autumn,Cross,taylorevans@peters.biz,EU Citizen,
Tiffany,Jackson,andreajones@hotmail.com,EU Citizen,
Laura,Curtis,nathaniel41@fuller.net,,Non-EU Citizen
Sergio,Edwards,franklinadam@gmail.com,EU Citizen,
Veronica,Mendoza,bairdheather@west-baird.com,EU Citizen,
Tyler,Jones,ysoto@jackson.com,,Non-EU Citizen
Jessica,Cochran,nlandry@benson.info,EU Citizen,
Austin,Perez,howardjamie@yahoo.com,EU Citizen,
Calvin,Hunter,paullewis@macdonald-hoffman.com,EU Citizen,
Eric,Reyes,zstewart@yahoo.com,EU Citizen,
Paula,Sanders,calebdixon@hotmail.com,,Non-EU Citizen
Jennifer,Quinn,qwu@walters.com,EU Citizen,
Sandra,Huerta,ashley85@anderson.biz,,Non-EU Citizen
Margaret,Garcia,katherinenewton@martin.com,,Non-EU Citizen
William,George,jamiediaz@hotmail.com,EU Citizen,
Christopher,Brown,sellersantonio@bell-vega.net,,Non-EU Citizen
Jessica,Glover,michael37@robertson.com,EU Citizen,
Stephanie,Davis,lewishannah@yahoo.com,,Non-EU Citizen
Anthony,Williams,richard87@hotmail.com,,Non-EU Citizen
Christopher,Martin,morrisrichard@gmail.com,EU Citizen,
Andrew,Morgan,martinrussell@hotmail.com,,Non-EU Citizen
Jacob,Bridges,oburton@hotmail.com,EU Citizen,
Vanessa,May,robbinschristopher@hotmail.com,EU Citizen,
Michele,Bass,travis08@kelley.com,EU Citizen,
Donald,Kane,rpeters@hotmail.com,EU Citizen,
Stephanie,Harris,costajeffery@barry-conley.com,,Non-EU Citizen
Ashley,Reed,meredith04@yahoo.com,,Non-EU Citizen
Leslie,Brooks,matthewhughes@gmail.com,EU Citizen,
Rodney,Smith,hayesrachel@hoffman.com,EU Citizen,
Lisa,Nguyen,xburns@huang-miller.org,EU Citizen,
Karen,Miller,mark11@jackson.com,,Non-EU Citizen
Jeffrey,Williams,riverajeremy@goodman.info,,Non-EU Citizen
Alexandra,Skinner,elizabeth55@barnes.biz,EU Citizen,
Douglas,Brown,staceycole@brown.info,EU Citizen,
Christina,Evans,campbellmarcus@williams.com,,Non-EU Citizen
Joanne,Daniels,cynthiawatts@hotmail.com,,Non-EU Citizen
Benjamin,Robinson,tylermorrison@johnson.com,EU Citizen,
Jermaine,Thomas,wjones@miller.net,,Non-EU Citizen
Leah,Archer,morganlisa@harris.net,,Non-EU Citizen
Kristie,Madden,justin10@hotmail.com,EU Citizen,
Eric,Bridges,xjones@gmail.com,EU Citizen,
Catherine,Moore,scook@bartlett.info,,Non-EU Citizen
Brian,Davidson,kchapman@gmail.com,,Non-EU Citizen
Jeffrey,Richardson,breannahall@yahoo.com,EU Citizen,
Angela,Thomas,jackson02@jones.com,EU Citizen,
Angel,Rogers,murillomegan@humphrey.com,EU Citizen,
Steve,Manning,cody28@hotmail.com,EU Citizen,
Justin,Tate,stephanierice@martinez-walker.net,EU Citizen,
Jose,Ruiz,pwilliams@gmail.com,,Non-EU Citizen
Denise,Edwards,gmartinez@yahoo.com,EU Citizen,
Kathy,Gonzales,bryan15@yahoo.com,,Non-EU Citizen
James,Rogers,rickwilson@gmail.com,EU Citizen,
Katherine,Mendoza,emarquez@sawyer-barry.net,,Non-EU Citizen
Gabriel,Waters,kristindurham@jones.com,,Non-EU Citizen
Paula,Rogers,malloryrodriguez@yahoo.com,,Non-EU Citizen
Anthony,Sanchez,ybaker@herrera.com,,Non-EU Citizen
Zachary,Torres,csteele@santiago.com,,Non-EU Citizen
William,Weaver,porterandrew@martinez-brooks.com,,Non-EU Citizen
Andrea,Chandler,parsonsbrad@hotmail.com,,Non-EU Citizen
Linda,May,lmcdonald@guzman.org,,Non-EU Citizen
Michael,Swanson,oelliott@gmail.com,EU Citizen,
Johnathan,Moore,ablevins@clark.com,EU Citizen,
Alexander,Goodman,jenniferpatterson@love.com,EU Citizen,
Denise,Roberts,marksmith@stevens-simmons.com,,Non-EU Citizen
Kenneth,Hahn,christopherward@knapp-wolfe.com,EU Citizen,
Karen,Smith,phillipsjoseph@dunn.com,EU Citizen,
Carol,Ross,hillnicole@williams-gonzalez.net,,Non-EU Citizen
Lisa,Gonzales,ebarber@yahoo.com,,Non-EU Citizen
Sarah,Chavez,candicemorris@yahoo.com,,Non-EU Citizen
Kevin,Garza,tracy62@hotmail.com,,Non-EU Citizen
Christopher,Mueller,grahamwilliam@gmail.com,EU Citizen,
Paul,Melton,charleslee@li.com,EU Citizen,
Nicole,Roberts,meredithpowell@jones.com,,Non-EU Citizen
Leah,Johnson,ljohns@yahoo.com,EU Citizen,
Rebecca,Nicholson,hwatson@yahoo.com,EU Citizen,
Kayla,Campbell,carla52@price.com,EU Citizen,
Chad,Randall,psmith@hotmail.com,,Non-EU Citizen
Caroline,Leach,williamferrell@hotmail.com,EU Citizen,
Jessica,Bryant,johnsonjared@lowe-hale.com,EU Citizen,
Nathan,Wilkinson,bushtracy@yahoo.com,,Non-EU Citizen
Crystal,Anderson,etaylor@gmail.com,,Non-EU Citizen
Angela,Ward,robertgould@hotmail.com,,Non-EU Citizen
Tanner,Sexton,montesjasmine@turner.com,EU Citizen,
Glen,Mendez,sara54@vargas.com,,Non-EU Citizen
Erin,Stevens,jasonrussell@gonzales.org,EU Citizen,
Edward,Henson,alicialeon@collier.com,EU Citizen,
Robin,Rodriguez,taylorjohn@gmail.com,EU Citizen,
Kevin,Miller,areese@hotmail.com,,Non-EU Citizen
Adam,Rivers,tyoung@hotmail.com,EU Citizen,
Lori,Guerrero,lisa34@hotmail.com,EU Citizen,
Jessica,Wong,harpermisty@hotmail.com,EU Citizen,
Oscar,Phillips,taylorryan@webb.com,EU Citizen,
Justin,Johnson,ledavid@hotmail.com,,Non-EU Citizen
Breanna,Williams,martinezjames@gmail.com,,Non-EU Citizen
Tanya,Beard,burtonjonathan@yahoo.com,,Non-EU Citizen
Crystal,Watkins,breweranthony@hotmail.com,,Non-EU Citizen
Katherine,Bender,troyhines@hotmail.com,,Non-EU Citizen
Debbie,Reed,ihale@gmail.com,EU Citizen,
Shane,Sullivan,jared59@hotmail.com,EU Citizen,
Kelsey,Clark,lisa79@jones.org,EU Citizen,
Diane,Underwood,chris33@hopkins.org,EU Citizen,
James,Dorsey,sullivanmichael@james.net,EU Citizen,
Andrea,Nichols,robbinsmolly@ortiz.com,EU Citizen,
Jeffrey,Douglas,brandon54@mckee.com,EU Citizen,
David,Chambers,hannahpeterson@gmail.com,EU Citizen,
Tina,Walker,lopezmichael@yahoo.com,EU Citizen,
Ronald,Banks,timothy35@anderson.org,,Non-EU Citizen
Ivan,Hoover,johnsonalison@hotmail.com,EU Citizen,
William,Holt,floydtyrone@gmail.com,EU Citizen,
Kimberly,Shaw,rodney32@wells.info,EU Citizen,
Andrea,Beck,danielle49@mitchell.com,EU Citizen,
Thomas,May,vedwards@kelly-hardy.info,,Non-EU Citizen
James,Todd,myerscarla@banks-conway.info,,Non-EU Citizen
Barbara,Clements,johnsonjonathan@garcia-hunt.com,EU Citizen,
Frank,Reyes,stacey17@lamb.com,,Non-EU Citizen
Samantha,Davis,johnsonkenneth@gibbs.com,,Non-EU Citizen
Haley,Green,josediaz@hotmail.com,EU Citizen,
Christopher,Valencia,waltercisneros@hotmail.com,,Non-EU Citizen
Richard,Wagner,craig15@hotmail.com,,Non-EU Citizen
Gabrielle,Silva,sharonolson@tanner.org,,Non-EU Citizen
Kevin,Foster,mossamy@conley.net,EU Citizen,
James,York,cbrown@white-foster.com,,Non-EU Citizen
Edward,Adams,jessica73@yahoo.com,,Non-EU Citizen
Nathan,Soto,grahammaureen@lyons-burns.info,EU Citizen,
Julia,Russo,freed@gmail.com,,Non-EU Citizen
Daniel,Nash,torresnathan@hotmail.com,,Non-EU Citizen
Bonnie,Smith,kathymyers@hotmail.com,,Non-EU Citizen
Jessica,Castro,fhorn@gmail.com,EU Citizen,
Taylor,Webster,christopherfigueroa@johnston.com,,Non-EU Citizen
Sandra,Jones,kaitlyn44@anderson.com,,Non-EU Citizen
Jerry,Torres,michael28@lin.com,EU Citizen,
Anne,Barr,rhogan@perez.com,,Non-EU Citizen
Theresa,Williams,deniseshaw@monroe.info,EU Citizen,
Chase,Allen,priceyolanda@hotmail.com,EU Citizen,
Ariana,Alexander,stevenholland@shaw.biz,,Non-EU Citizen
James,Reed,cabreraamanda@barker.com,,Non-EU Citizen
Megan,Day,gregory34@hotmail.com,EU Citizen,
Robert,Hernandez,eric50@yahoo.com,EU Citizen,
William,Gilbert,peter73@gmail.com,,Non-EU Citizen
Christina,Guzman,jeremyanderson@hotmail.com,,Non-EU Citizen
Joseph,Perry,robert35@hammond-short.com,,Non-EU Citizen
Austin,Owens,ellislauren@yahoo.com,,Non-EU Citizen
Mary,Dennis,xramirez@gmail.com,,Non-EU Citizen
Pamela,Martin,rogerslisa@gmail.com,,Non-EU Citizen
Sergio,Fox,curtis85@montoya.com,EU Citizen,
Eric,Gardner,hammondpaul@leach.com,,Non-EU Citizen
Dale,Mclaughlin,stevensterri@gmail.com,EU Citizen,
Thomas,Gonzalez,ule@yahoo.com,EU Citizen,
Adrian,Hancock,cookkenneth@ramos-ball.com,,Non-EU Citizen
Ariel,Castro,carterhaley@cline-myers.biz,EU Citizen,
Trevor,Bailey,ymichael@gmail.com,EU Citizen,
Tiffany,Williams,uwallace@hotmail.com,,Non-EU Citizen
Jerry,Duncan,sergio85@roberts.org,,Non-EU Citizen
Michelle,Lopez,brownangela@garcia-freeman.com,EU Citizen,
Daniel,Hartman,jefferynelson@yahoo.com,EU Citizen,
Mark,Mullins,thomaswilliams@mann.org,EU Citizen,
Monique,Diaz,richard50@barrett-garcia.com,EU Citizen,
Louis,Lucas,sarahthompson@hotmail.com,EU Citizen,
Maurice,Phillips,gmason@hotmail.com,EU Citizen,
James,Strickland,megan35@singh-summers.com,EU Citizen,
Todd,Eaton,rachel83@gmail.com,EU Citizen,
Rebecca,Hansen,jessicasimmons@lewis-bailey.com,EU Citizen,
James,Burke,cameron52@hotmail.com,,Non-EU Citizen
Samuel,Jones,victor56@wilson.com,EU Citizen,
John,Lee,eyoung@young.com,EU Citizen,
Julie,Simon,kathleenblair@gmail.com,EU Citizen,
Jason,Mccarty,davidallen@hotmail.com,EU Citizen,
Julie,Anderson,travisalvarez@yahoo.com,,Non-EU Citizen
Brandon,Andrews,allisonmichael@harrison-wilson.com,,Non-EU Citizen
Amanda,Vasquez,karensmith@yahoo.com,EU Citizen,
Erin,Smith,alejandrojohns@gmail.com,,Non-EU Citizen
James,Atkinson,qsellers@yahoo.com,,Non-EU Citizen
Luis,Lee,ypetersen@wallace-foster.com,EU Citizen,
Melanie,Miller,jenningsmonica@yahoo.com,EU Citizen,
Karen,Francis,heather12@wilson.com,,Non-EU Citizen
Christopher,Adams,gary38@gmail.com,EU Citizen,
Hunter,Hunter,anabryant@hotmail.com,EU Citizen,
Jonathan,Johnson,donnamassey@dennis.com,EU Citizen,
John,Marshall,stephanieholloway@yahoo.com,EU Citizen,
Mandy,Gillespie,keithfoster@hotmail.com,,Non-EU Citizen
James,Lang,adamsstephanie@lynn.biz,,Non-EU Citizen
Ronald,Perez,corey36@gmail.com,,Non-EU Citizen
Stephen,Patel,regina78@smith-king.com,,Non-EU Citizen
Amy,Johnson,greenejames@morales.com,,Non-EU Citizen
Billy,Combs,zunigashane@yahoo.com,EU Citizen,
Kim,Roberts,stephen83@davila.com,EU Citizen,
Adam,Flores,mirandagomez@hotmail.com,,Non-EU Citizen
Paul,Stevens,lisa01@yahoo.com,,Non-EU Citizen
Sarah,Jimenez,stephanie98@blackwell.info,,Non-EU Citizen
Christine,Simmons,fwatkins@hayes-johnson.com,EU Citizen,
Dustin,Daniel,alicehenson@gmail.com,EU Citizen,
James,Rogers,hsanders@garcia-maldonado.com,,Non-EU Citizen
Kimberly,Howard,dominguezkaren@reeves.com,EU Citizen,
Olivia,Wong,mthompson@hotmail.com,EU Citizen,
Jamie,Morgan,olivia77@erickson.com,EU Citizen,
Robert,Carter,robertdavis@hall-hughes.net,EU Citizen,
Kurt,Smith,jjones@anderson-burns.com,,Non-EU Citizen
Melissa,Thompson,graylindsay@yahoo.com,,Non-EU Citizen
Aaron,Moore,seananderson@williams.com,EU Citizen,
Connie,Chang,murraycarolyn@yahoo.com,EU Citizen,
Raven,Martin,matthewshepard@gmail.com,EU Citizen,
Karen,Wade,qalvarado@gmail.com,EU Citizen,
Jose,Wong,shermanevelyn@carr-robles.com,EU Citizen,
Tamara,Tate,bennettangela@coffey.info,EU Citizen,
Mark,Jacobs,adamsandrea@smith.biz,EU Citizen,
Barbara,Davis,griffithdaniel@hotmail.com,,Non-EU Citizen
Lauren,Gay,karenhogan@bell.com,,Non-EU Citizen
Meghan,Huynh,dmejia@cruz.biz,EU Citizen,
Lawrence,Maldonado,ronald30@hotmail.com,,Non-EU Citizen
Christopher,Hill,ujones@hotmail.com,EU Citizen,
Jessica,Fisher,lovejulie@foster-ortiz.com,,Non-EU Citizen
Thomas,Miller,sarasimon@brown-jensen.net,,Non-EU Citizen
Daniel,Swanson,barbaraadams@gmail.com,,Non-EU Citizen
Brooke,Robbins,williskimberly@williams.com,,Non-EU Citizen
Sylvia,Powell,howardjamie@yahoo.com,EU Citizen,
Jose,Williams,snyderchristina@gmail.com,,Non-EU Citizen
Jennifer,Serrano,tylerperry@yahoo.com,EU Citizen,
Matthew,Allen,dominique32@evans-bush.com,EU Citizen,
Kristy,Lee,fernandeznorman@hotmail.com,EU Citizen,
Lindsey,Green,fcarter@yahoo.com,,Non-EU Citizen
Kristin,Leach,denisemay@brown.com,,Non-EU Citizen
Stephanie,Cruz,thomasjoseph@davis.biz,EU Citizen,
Randall,Williams,sarah73@gmail.com,,Non-EU Citizen
Kristin,Todd,sarahwatson@fowler.com,EU Citizen,
Deborah,Mason,clarkkimberly@gmail.com,EU Citizen,
Annette,Willis,kristin59@hotmail.com,,Non-EU Citizen
Anthony,Williams,edwardfaulkner@gomez-moore.com,,Non-EU Citizen
Martha,Becker,drojas@yahoo.com,,Non-EU Citizen
Brent,Vaughn,alexandra71@gmail.com,,Non-EU Citizen
Matthew,Ortiz,deborah38@rose.net,,Non-EU Citizen
John,Shannon,gardnerrachel@stephens.com,,Non-EU Citizen
Edward,Powell,danamoore@rodriguez.org,,Non-EU Citizen
Carl,Walls,staylor@yahoo.com,,Non-EU Citizen
Amy,Dickerson,danielramos@stark-baker.com,,Non-EU Citizen
Leslie,Carter,charleskelley@gmail.com,EU Citizen,
Shelby,Jones,qjoyce@gmail.com,EU Citizen,
Christopher,Paul,sarahwalker@cooper-brown.info,,Non-EU Citizen
Heather,Bishop,melvinsmith@hotmail.com,,Non-EU Citizen
Matthew,Dixon,mjensen@smith.com,,Non-EU Citizen
Michael,James,jasontownsend@alexander.biz,,Non-EU Citizen
Bryan,Padilla,bhester@yahoo.com,EU Citizen,
Brandi,Jordan,randall04@yahoo.com,,Non-EU Citizen
Christine,Stanton,williamsstephanie@mendez-castaneda.info,,Non-EU Citizen
Frank,Garcia,michael43@sweeney-horton.com,EU Citizen,
Brenda,Clark,wardgregory@cisneros.biz,EU Citizen,
Joe,Whitehead,gabrielle33@myers.com,EU Citizen,
Leah,Walker,nguyenmichael@hotmail.com,,Non-EU Citizen
Shannon,Willis,mariafarley@garcia-whitaker.com,,Non-EU Citizen
Karen,Allen,whubbard@hotmail.com,,Non-EU Citizen
Nathaniel,Holder,moorematthew@yahoo.com,EU Citizen,
Andrew,Maldonado,ryan34@gmail.com,EU Citizen,
Arthur,Bowman,cookkelly@gmail.com,,Non-EU Citizen
David,Heath,jenniferhodges@gmail.com,,Non-EU Citizen
Mitchell,Reyes,ryanbush@campbell.info,,Non-EU Citizen
Mary,Mercado,luiswilliams@hotmail.com,,Non-EU Citizen
Randall,Butler,colleen24@yahoo.com,EU Citizen,
Joseph,Flores,qjohnson@hotmail.com,EU Citizen,
Christopher,Schwartz,corey68@harris.com,EU Citizen,
Kristin,Stone,mnavarro@rose-cline.info,EU Citizen,
James,Malone,nunezricky@yahoo.com,,Non-EU Citizen
Adam,Boone,candice24@howard.info,,Non-EU Citizen
Peter,Montoya,josephlopez@bradley-cruz.info,,Non-EU Citizen
Natalie,Moore,utaylor@park.com,EU Citizen,
Laura,Davis,jamespadilla@gmail.com,,Non-EU Citizen
Jessica,Nunez,woodsamuel@rogers.com,EU Citizen,
Sarah,Mckinney,joseph47@ashley.biz,EU Citizen,
Jennifer,Harrison,yolandataylor@hotmail.com,EU Citizen,
Amy,Bowman,blankenshipjeffrey@knight-carter.com,,Non-EU Citizen
Julie,Huff,cpayne@yahoo.com,,Non-EU Citizen
Karen,Porter,shortmaria@yahoo.com,,Non-EU Citizen
Maria,Martin,ochapman@hotmail.com,,Non-EU Citizen
Robert,Morgan,barberdaniel@gmail.com,EU Citizen,
Brent,White,handerson@yahoo.com,,Non-EU Citizen
Amanda,Mclaughlin,chelsea76@boyd.com,,Non-EU Citizen
Amanda,Norton,erika87@gmail.com,,Non-EU Citizen
Brent,Rivera,glassnina@patton.net,EU Citizen,
Jeffrey,Dominguez,qdillon@gmail.com,EU Citizen,
Timothy,Schultz,sanderscharles@brown.com,EU Citizen,
Laura,Cruz,harveyjulie@donaldson-bond.com,,Non-EU Citizen
Maria,Sheppard,fsexton@dillon.com,EU Citizen,
Joan,Taylor,hbaker@hotmail.com,,Non-EU Citizen
Sherry,Roberson,eharris@hotmail.com,,Non-EU Citizen
Suzanne,Ramirez,matthew62@yahoo.com,EU Citizen,
Roberto,Knight,xfisher@jones.org,EU Citizen,
Mary,Price,pbell@yahoo.com,,Non-EU Citizen
Lisa,Henson,hroy@robinson.com,EU Citizen,
Allen,Lutz,wilcoxadam@singh.org,,Non-EU Citizen
Sandra,Fernandez,ejones@bailey-gould.biz,,Non-EU Citizen
Lauren,Vargas,gnelson@knox-williams.com,EU Citizen,
Jennifer,Hardy,stephaniescott@huerta-bennett.com,EU Citizen,
Christopher,Mcdaniel,davidberg@baker.com,EU Citizen,
Ariel,Hardy,josephpruitt@yahoo.com,EU Citizen,
Ashley,Hall,aflores@gmail.com,,Non-EU Citizen
Kristen,Burch,joneslaura@francis.com,,Non-EU Citizen
Alex,Hoffman,tracey27@torres.net,EU Citizen,
Xavier,Willis,lambertrobert@rivera.com,EU Citizen,
Jenna,Hall,michaelanderson@anderson.com,EU Citizen,
Joanna,Wright,jasongomez@hotmail.com,,Non-EU Citizen
Austin,Pennington,robert52@yahoo.com,,Non-EU Citizen
Travis,Vasquez,iknapp@blackwell-barnes.com,EU Citizen,
Amy,Lowery,glee@gmail.com,EU Citizen,
Mike,Rodriguez,washingtondawn@gmail.com,EU Citizen,
Timothy,Oliver,lesliegraham@rhodes.org,EU Citizen,
Jennifer,George,phillipssusan@hotmail.com,,Non-EU Citizen
Heather,Daniels,villajane@yahoo.com,,Non-EU Citizen
Daniel,Cunningham,rodriguezjoseph@hotmail.com,,Non-EU Citizen
Ryan,Munoz,elizabeth94@gmail.com,EU Citizen,
James,Tran,stevenjones@allen-diaz.com,EU Citizen,
Lori,Miller,christinelozano@garza.com,EU Citizen,
Daniel,Davis,moralesmichael@watson-baker.info,EU Citizen,
Juan,Odonnell,zreed@collins-martinez.com,EU Citizen,
Jon,Webb,mcfarlandkimberly@yahoo.com,,Non-EU Citizen
Amy,Burns,jpeterson@hunter.com,EU Citizen,
Jennifer,Flores,ydavis@morris.com,EU Citizen,
Joseph,Sullivan,jasonpayne@harper.net,EU Citizen,
Thomas,Klein,amandagrant@hotmail.com,,Non-EU Citizen
Erin,Smith,matthewporter@hotmail.com,,Non-EU Citizen
Ashley,Hanson,morgan29@ruiz.net,EU Citizen,
Jeremy,Stewart,hraymond@young-morris.com,,Non-EU Citizen
Patricia,Anderson,tcampbell@williams.com,EU Citizen,
Steven,Reeves,walkerchristine@hotmail.com,,Non-EU Citizen
Casey,Woods,lolson@woods-pacheco.com,EU Citizen,
Jessica,Powell,jenniferstewart@foster.com,EU Citizen,
Michael,Johnson,katelyn26@nunez-duran.com,EU Citizen,
Thomas,Bean,justinjordan@hotmail.com,,Non-EU Citizen
Matthew,Horton,ykelley@gmail.com,EU Citizen,
Susan,Mcconnell,jacksonbreanna@hotmail.com,,Non-EU Citizen
Christopher,Thompson,thompsonadrienne@clark.info,,Non-EU Citizen
Joshua,Riddle,kphillips@brady-thomas.biz,,Non-EU Citizen
Heather,Walker,rhondahansen@sullivan.info,,Non-EU Citizen
Patrick,Williams,sreyes@rodriguez.com,,Non-EU Citizen
Christian,Carpenter,daviskristy@gmail.com,,Non-EU Citizen
Todd,Vincent,rebeccapadilla@howell.net,EU Citizen,
Harry,Cline,khopkins@mccarthy.com,EU Citizen,
John,Dixon,griffincourtney@ferguson-garcia.org,,Non-EU Citizen
Rachel,Howell,joshuaharris@yahoo.com,,Non-EU Citizen
Jennifer,Larson,lpearson@yahoo.com,EU Citizen,
Jesse,Smith,phampton@smith-morrison.info,,Non-EU Citizen
Patricia,Martin,justinturner@dennis.com,EU Citizen,
Matthew,Williams,paul51@conner.com,,Non-EU Citizen
Brian,Bowman,graveswilliam@hotmail.com,EU Citizen,
Debbie,Williams,bakerlawrence@davis-morrison.net,,Non-EU Citizen
Michael,Adams,smelendez@maddox.info,EU Citizen,
Angela,Wilson,hughesamber@gmail.com,EU Citizen,
Michelle,Mccarthy,murraykatherine@hotmail.com,,Non-EU Citizen
Savannah,Miller,ifletcher@stewart.net,EU Citizen,
Brian,Delgado,tbrown@allen-hale.com,EU Citizen,
Patricia,Black,thomas07@hotmail.com,EU Citizen,
Linda,Gonzalez,evansheather@yahoo.com,EU Citizen,
Ryan,Coffey,bakerdeborah@hotmail.com,EU Citizen,
Sandra,Johnson,floresjesse@hernandez.info,EU Citizen,
Alexander,Parrish,garyhenderson@hotmail.com,,Non-EU Citizen
Lisa,Nelson,andersonsara@hotmail.com,,Non-EU Citizen
Victoria,Wright,campbellmichael@alvarez.com,EU Citizen,
Oscar,Warren,browndavid@gmail.com,,Non-EU Citizen
Julia,Gallegos,cdaniels@hotmail.com,EU Citizen,
Michael,Gallagher,zherring@bailey.com,,Non-EU Citizen
Brenda,Rodriguez,jessica27@hotmail.com,EU Citizen,
Kevin,Nelson,ronaldkramer@davis.com,EU Citizen,
Joseph,Anthony,deborahjohnson@hotmail.com,EU Citizen,
Victoria,Cole,carla25@downs.net,EU Citizen,
Danielle,Zimmerman,ginawells@peck.com,,Non-EU Citizen
Barbara,Johnson,ibrown@bennett.com,,Non-EU Citizen
Shawn,Lucero,michael71@frazier.info,EU Citizen,
Amy,Wise,daybrent@lang.com,EU Citizen,
Catherine,White,brian63@hotmail.com,,Non-EU Citizen
Michael,Allen,pennysmith@garcia.org,EU Citizen,
Thomas,Contreras,martinezrussell@baker.biz,,Non-EU Citizen
Jon,Scott,zbender@ball.com,,Non-EU Citizen
Alexandra,Campbell,yperez@price-price.info,EU Citizen,
Tyler,Austin,pbrown@miller-norman.com,,Non-EU Citizen
Kayla,Lyons,xwebb@roman.com,,Non-EU Citizen
Debbie,Valdez,boydgregory@gregory.info,EU Citizen,
Aaron,Berg,ounderwood@kelly.com,,Non-EU Citizen
Alyssa,Hess,brittanywallace@bradford.info,EU Citizen,
William,Jenkins,stokesmatthew@yahoo.com,,Non-EU Citizen
John,Kane,fordmaria@yahoo.com,EU Citizen,
David,Black,jason14@daugherty-thomas.com,,Non-EU Citizen
Joseph,Long,wwhitehead@yahoo.com,EU Citizen,
Timothy,Harris,roberthanson@watson.info,EU Citizen,
Kristen,Jimenez,jmorgan@gmail.com,EU Citizen,
Wayne,Odom,ericwells@holmes.org,EU Citizen,
Christopher,Thompson,angelastark@hotmail.com,,Non-EU Citizen
Kara,Hall,katie89@yahoo.com,EU Citizen,
Marie,Parrish,grahamjennifer@yahoo.com,,Non-EU Citizen
Jimmy,Scott,melaniejohnson@montes-stephens.net,,Non-EU Citizen
Robert,Payne,paul91@hines.com,EU Citizen,
Angela,Weber,martinezwilliam@gmail.com,EU Citizen,
Beth,Estrada,hillrichard@suarez-watkins.com,,Non-EU Citizen
Carrie,Wilson,john98@yahoo.com,EU Citizen,
Gregory,Jackson,ningram@gmail.com,,Non-EU Citizen
Clinton,Patrick,jacksonmichael@castillo.com,EU Citizen,
Gregory,Rodriguez,peterbuchanan@gmail.com,EU Citizen,
Misty,Davis,davidaguirre@yahoo.com,EU Citizen,
Melissa,Mcfarland,lyoung@bennett.com,,Non-EU Citizen
Travis,Scott,heather99@norris.com,EU Citizen,
Danny,Nguyen,heidi05@adkins.com,,Non-EU Citizen
Brittney,Ruiz,martinezcarl@hotmail.com,EU Citizen,
Patricia,Thompson,qmahoney@hotmail.com,EU Citizen,
Lori,Marquez,wernerjohn@hotmail.com,EU Citizen,
Maria,Guerrero,spearsjesse@gmail.com,EU Citizen,
Tina,Watkins,stevenlyons@yahoo.com,,Non-EU Citizen
Krista,Payne,greenandrew@riggs.com,,Non-EU Citizen
April,Yates,melissa93@gonzalez.com,EU Citizen,
Maurice,Nunez,sergiojohnston@fox.com,,Non-EU Citizen
Annette,Martinez,tylerbryant@hotmail.com,EU Citizen,
Kristen,King,vporter@gmail.com,EU Citizen,
Marisa,Randall,smithcody@yahoo.com,EU Citizen,
Jessica,Torres,melissa99@munoz.com,,Non-EU Citizen
Howard,Walker,lovetanya@yahoo.com,EU Citizen,
John,Cole,heidi59@hotmail.com,,Non-EU Citizen
Dylan,Wilson,ckaiser@hotmail.com,EU Citizen,
Jacqueline,Williams,fbuchanan@hansen.info,EU Citizen,
Scott,Mcdonald,john40@gmail.com,,Non-EU Citizen
Stephen,Hardy,kgomez@black-lewis.com,EU Citizen,
Christina,Allen,cameron88@stanley-wu.biz,EU Citizen,
Andrew,Sherman,christinealvarado@bryant.com,,Non-EU Citizen
Patricia,Wilson,fhill@yahoo.com,EU Citizen,
Jennifer,Jones,russellantonio@yahoo.com,EU Citizen,
Diane,Jones,treed@yahoo.com,,Non-EU Citizen
Timothy,Russo,josephmartinez@yahoo.com,EU Citizen,
Roberto,Jones,martinandrew@salas.com,EU Citizen,
David,Lopez,phillip19@webb.info,EU Citizen,
Ashley,Silva,colemanjennifer@yahoo.com,,Non-EU Citizen
Michelle,Soto,pespinoza@yahoo.com,EU Citizen,
Maria,Williams,bowerssara@peck.biz,,Non-EU Citizen
Alan,Torres,david16@kennedy.net,EU Citizen,
Tammy,Page,ashleygarcia@yahoo.com,EU Citizen,
Jeffrey,Weiss,johnphillips@hotmail.com,EU Citizen,
Michelle,Meyers,martinpaul@rodriguez.info,,Non-EU Citizen
Amy,Lopez,melissa72@yahoo.com,EU Citizen,
Rachel,Kelly,gonzalesashley@hotmail.com,,Non-EU Citizen
Jacob,Bradford,ashleybenson@spears.net,,Non-EU Citizen
Richard,Carter,banderson@maddox.net,EU Citizen,
Zachary,Donovan,landrydesiree@gmail.com,EU Citizen,
Kristi,Brown,ambertaylor@yahoo.com,EU Citizen,
Elizabeth,Harris,john50@baldwin-martinez.net,,Non-EU Citizen
Peter,Pena,duncanconnie@hotmail.com,EU Citizen,
Robin,Rowland,qeverett@gmail.com,,Non-EU Citizen
Pamela,Jackson,donald68@elliott.com,,Non-EU Citizen
Nicholas,Morales,michaelmiller@nelson.info,,Non-EU Citizen
Charles,Scott,joann46@rangel.net,EU Citizen,
Haley,Obrien,jmcneil@odonnell.net,,Non-EU Citizen
Jeremiah,Nelson,vincentdavidson@morris-schultz.com,EU Citizen,
Maria,Douglas,pateljohn@yahoo.com,,Non-EU Citizen
Christopher,Hanson,sarah56@alexander-george.com,EU Citizen,
James,Blake,zachary04@nichols.com,EU Citizen,
Ashley,Burgess,martineztyler@pierce.biz,EU Citizen,
Natasha,Torres,david77@yahoo.com,,Non-EU Citizen
Victoria,Beck,joanedwards@saunders-ward.net,EU Citizen,
Michael,Davis,ldickerson@velez.com,,Non-EU Citizen
Valerie,Harrell,murrayandrew@yahoo.com,EU Citizen,
Suzanne,Smith,tammy57@yahoo.com,EU Citizen,
Rachel,Watson,polson@anderson.com,EU Citizen,
Sheryl,Huber,leah86@hotmail.com,EU Citizen,
Patrick,Hawkins,pwashington@ortiz.com,,Non-EU Citizen
Mark,Martin,petersenwilliam@hotmail.com,EU Citizen,
Brittany,Guzman,kbowman@hotmail.com,EU Citizen,
Joseph,Carrillo,josephchang@peterson-leblanc.com,,Non-EU Citizen
Christina,Perez,petersonstephanie@ayers.com,,Non-EU Citizen
Daniel,Jones,banksrobert@hotmail.com,EU Citizen,
Edward,Huerta,brownariana@thomas-west.com,EU Citizen,
Bobby,Nguyen,ytaylor@robinson-cook.com,EU Citizen,
Christopher,Choi,williamsnicholas@rivera.com,EU Citizen,
Robyn,Huang,rbrown@yahoo.com,EU Citizen,
Andrew,Young,hartmankathy@yahoo.com,,Non-EU Citizen
Nicole,Lopez,jeffreydunn@moody.com,EU Citizen,
Sharon,Perry,charlesmays@gmail.com,,Non-EU Citizen
Julie,Williams,sonya26@yahoo.com,EU Citizen,
Melissa,Hall,williamwest@rodriguez.org,EU Citizen,
Tony,Hunt,shaunmartin@taylor-duncan.info,,Non-EU Citizen
Curtis,Martin,reedjerry@hotmail.com,,Non-EU Citizen
Alexandra,Reed,markrice@martinez-hill.biz,EU Citizen,
Elizabeth,Bishop,hebertjamie@hotmail.com,EU Citizen,
Lisa,Patterson,susan32@campos-costa.com,,Non-EU Citizen
Hector,Chaney,qwalker@morales.org,,Non-EU Citizen
Daniel,Carroll,castrotina@perkins-roberts.org,,Non-EU Citizen
Linda,Barrett,vmcintosh@hotmail.com,EU Citizen,
Angela,White,megan06@hotmail.com,,Non-EU Citizen
Melanie,Herrera,sarah19@barker.info,EU Citizen,
Laura,Mccormick,hunterjennifer@yahoo.com,EU Citizen,
Samantha,Davis,ryan05@diaz.biz,,Non-EU Citizen
John,Smith,alexandrialee@everett-romero.com,EU Citizen,
Shelly,Hill,crawfordtara@wilkinson.com,,Non-EU Citizen
James,Jones,kathryn19@ray-cooper.com,,Non-EU Citizen
Lisa,Yoder,dorothy65@gmail.com,EU Citizen,
Sarah,Hamilton,sandra41@gmail.com,EU Citizen,
Michael,Martinez,ashleyward@miller-gomez.com,EU Citizen,
Robert,Day,lowens@cole.com,EU Citizen,
Frank,Daniels,wweber@miller.info,EU Citizen,
Julie,Perez,barbara99@gmail.com,EU Citizen,
Tyler,Wells,stephaniepalmer@lewis.com,,Non-EU Citizen
David,Smith,anichols@hotmail.com,EU Citizen,
Keith,Webb,elopez@moreno-johnson.com,,Non-EU Citizen
Alexis,Aguilar,mitchell13@gmail.com,EU Citizen,
Garrett,Young,jjohnson@hotmail.com,EU Citizen,
Shaun,Jennings,zmoreno@jackson.info,,Non-EU Citizen
Robert,Gonzales,caitlinlong@tate.info,,Non-EU Citizen
Elizabeth,Dixon,tuckerkelly@sawyer.com,,Non-EU Citizen
Benjamin,Evans,daniel41@gmail.com,,Non-EU Citizen
Brittany,Rodriguez,villegasrobert@harris-pratt.biz,EU Citizen,
Alicia,Allen,vgarza@gmail.com,,Non-EU Citizen
Angela,Lewis,kirsten04@hotmail.com,,Non-EU Citizen
Eugene,Wright,michaeljames@conrad-moreno.com,,Non-EU Citizen
William,Thompson,bauervincent@mclaughlin.com,,Non-EU Citizen
Scott,Walter,ramirezcolleen@mccarty.org,EU Citizen,
Tina,Brown,tracy22@melton-williams.com,,Non-EU Citizen
Michael,Bowen,rgolden@hotmail.com,,Non-EU Citizen
Kyle,Martinez,zbanks@lewis-williams.com,,Non-EU Citizen
Steve,Hines,bryan63@carpenter.com,EU Citizen,
Donna,Burns,zacharybutler@buck.com,,Non-EU Citizen
Eric,Mccullough,jwolfe@carr.biz,,Non-EU Citizen
David,Alvarez,elane@gmail.com,,Non-EU Citizen
Sydney,Brown,kevincarter@richards-miller.com,EU Citizen,
Sean,Ellis,ebrooks@howard-ochoa.com,EU Citizen,
Jonathon,Craig,fostergary@hotmail.com,EU Citizen,
John,Buchanan,shortrobert@yahoo.com,,Non-EU Citizen
Bill,Gordon,lawrencejacqueline@bowman.net,,Non-EU Citizen
David,King,rcontreras@livingston.com,EU Citizen,
Lisa,Smith,hannahhanson@munoz.org,EU Citizen,
Michelle,Graham,christopher72@yahoo.com,,Non-EU Citizen
Marc,Dalton,ibailey@yahoo.com,EU Citizen,
David,Boone,danieldaniel@sanchez.net,EU Citizen,
Kelly,Butler,qle@gmail.com,,Non-EU Citizen
Stephen,Martin,megancardenas@yahoo.com,EU Citizen,
Austin,Farmer,lmiller@hartman-joseph.com,,Non-EU Citizen
William,Martin,brendaholloway@hawkins-williams.biz,,Non-EU Citizen
Brandon,Walter,heidiwilliams@mercado-sutton.org,EU Citizen,
Zachary,Smith,william25@chambers.org,,Non-EU Citizen
Patrick,Brooks,sarahfuentes@yahoo.com,EU Citizen,
Elizabeth,Thompson,mathisjeffrey@conley.com,,Non-EU Citizen
Casey,Ingram,collinscarrie@lawrence.biz,,Non-EU Citizen
Grant,Barrett,scottstein@taylor.org,EU Citizen,
Brittney,Martin,tuckerbrittany@gmail.com,EU Citizen,
Keith,Butler,franklinmoore@gmail.com,EU Citizen,
Amber,Rasmussen,annaphillips@yahoo.com,,Non-EU Citizen
David,Willis,achristian@hotmail.com,EU Citizen,
Beverly,Lopez,mirandamaxwell@gmail.com,,Non-EU Citizen
Crystal,Rivera,ryanmartinez@sanchez.com,EU Citizen,
Wendy,Nelson,buckleygregory@hotmail.com,,Non-EU Citizen
Joshua,Frazier,rthompson@kelley.com,EU Citizen,
Marvin,Spears,fwilson@yates-dunn.com,EU Citizen,
Julie,Flores,julianicholson@hotmail.com,,Non-EU Citizen
Michael,Lewis,ywheeler@gmail.com,EU Citizen,
Claire,Hudson,rvargas@gmail.com,EU Citizen,
Gabriel,Schneider,gainescarolyn@holder.com,,Non-EU Citizen
Juan,Brown,qmoran@gmail.com,,Non-EU Citizen
Kurt,Miller,wilsonmary@powers-oneill.com,EU Citizen,
Karen,Gordon,butlermary@yahoo.com,EU Citizen,
Devon,Oneal,connerjuan@yahoo.com,EU Citizen,
Jamie,Simon,brad82@yahoo.com,EU Citizen,
Rose,Lopez,lesliesimmons@robinson.com,,Non-EU Citizen
Douglas,Olson,timothybarajas@rowland.org,EU Citizen,
Kurt,Watkins,owarren@marquez.com,,Non-EU Citizen
Nicole,Chen,douglaschan@anderson.org,EU Citizen,
Heather,Norton,brandon37@young-clark.com,,Non-EU Citizen
Joseph,Wilcox,ahowell@bridges-shaffer.com,EU Citizen,
Michael,Nicholson,steven92@gmail.com,,Non-EU Citizen
Darrell,Gilbert,ryanlloyd@white.com,EU Citizen,
Erin,Mendez,jennynichols@daugherty.com,,Non-EU Citizen
Randall,Johnson,pholland@hotmail.com,EU Citizen,
Brenda,Gonzales,amartinez@montoya.org,EU Citizen,
Brenda,Lawson,michaelgomez@gmail.com,EU Citizen,
David,Hodge,johnfarmer@hotmail.com,,Non-EU Citizen
David,Murphy,marienewman@leach-wright.com,,Non-EU Citizen
Mary,Ward,yburns@gmail.com,EU Citizen,
Gary,Hill,lli@smith-gray.net,EU Citizen,
Jamie,Mora,djohnson@hotmail.com,,Non-EU Citizen
Elizabeth,Chavez,rubiokathy@huffman.com,EU Citizen,
Darryl,Moore,michaelperkins@hotmail.com,,Non-EU Citizen
Philip,Johnston,douglas33@scott-williams.com,EU Citizen,
James,Thomas,allisonmckay@gmail.com,EU Citizen,
Melissa,King,brooksdenise@thompson.biz,EU Citizen,
Emily,Ramos,salaslorraine@bailey.com,EU Citizen,
Christopher,Warren,rsmith@saunders.com,,Non-EU Citizen
Michelle,Brown,wjones@mcintyre.info,,Non-EU Citizen
Andres,Serrano,mitchellfisher@gmail.com,,Non-EU Citizen
Kathryn,Gentry,nathan70@yahoo.com,,Non-EU Citizen
Amy,Leblanc,stacey02@hotmail.com,EU Citizen,
Renee,Byrd,mariawalls@hotmail.com,EU Citizen,
Ryan,Sullivan,qlawrence@richard.biz,EU Citizen,
Sara,Perry,idaniels@gallegos-martinez.info,,Non-EU Citizen
John,Braun,vanessa99@smith.com,,Non-EU Citizen
Jacqueline,Vazquez,kcarlson@woodward.com,,Non-EU Citizen
Angela,Jones,egentry@hotmail.com,EU Citizen,
Andrea,Good,ledwards@yahoo.com,EU Citizen,
Ann,Bradford,hlewis@flores.com,EU Citizen,
Stephanie,Ford,sullivankathy@yahoo.com,EU Citizen,
April,Anderson,wilsonmatthew@hotmail.com,,Non-EU Citizen
Tyler,Ray,vpeterson@young.org,EU Citizen,
Amanda,English,karenbond@gmail.com,,Non-EU Citizen
Julie,Gonzalez,joseph63@jones.com,,Non-EU Citizen
Zachary,Lindsey,patrick95@cox-rodriguez.com,,Non-EU Citizen
Sarah,James,vbuchanan@hotmail.com,EU Citizen,
Trevor,Leach,edwin38@hotmail.com,EU Citizen,
Debra,Foster,slyons@martin-davis.net,,Non-EU Citizen
James,Myers,kennethmiles@austin.org,,Non-EU Citizen
Bobby,Williams,brennankimberly@johnston-waters.com,,Non-EU Citizen
Tim,Lin,scottrobinson@ortiz-nielsen.com,,Non-EU Citizen
Michael,Downs,ryanchristian@gmail.com,,Non-EU Citizen
David,Parks,edgarwilson@carter.info,EU Citizen,
Juan,Jones,david51@parker.biz,,Non-EU Citizen
James,Sanders,laurie55@yahoo.com,EU Citizen,
Charles,Valdez,amorris@yahoo.com,EU Citizen,
Angela,Aguilar,orivera@davidson-snyder.net,EU Citizen,
Kyle,Cook,pshelton@marshall.info,EU Citizen,
Catherine,Wilson,austinnichols@yahoo.com,,Non-EU Citizen
Alan,Allen,william69@moore.com,,Non-EU Citizen
Jose,Navarro,krista92@yahoo.com,EU Citizen,
Michael,Michael,tprice@yahoo.com,,Non-EU Citizen
Kimberly,Bass,wjames@gmail.com,EU Citizen,
Jon,Yates,ireeves@gmail.com,EU Citizen,
Jeremiah,Greene,joseph63@gmail.com,EU Citizen,
Monica,Rodriguez,perry68@yahoo.com,,Non-EU Citizen
Anna,Conner,janegordon@lynch-williams.com,EU Citizen,
Olivia,Davis,franceswilliams@blake.com,EU Citizen,
Jessica,Knight,timothy30@miller.org,EU Citizen,
Daniel,Roberts,brianathomas@thomas.org,EU Citizen,
John,Turner,christine03@yahoo.com,,Non-EU Citizen
Julie,Lewis,gallowaycynthia@hancock-chapman.com,EU Citizen,
Justin,Moreno,willisryan@gmail.com,,Non-EU Citizen
Jason,Smith,perezmark@matthews.com,EU Citizen,
Jonathan,Wang,brianna71@lawson.com,,Non-EU Citizen
Renee,Perkins,brownkathleen@hotmail.com,EU Citizen,
Daniel,Morales,oconnellnicole@acosta.org,,Non-EU Citizen
Sandra,Diaz,ngriffin@yahoo.com,EU Citizen,
Lauren,Ferguson,stephensadam@crawford.com,,Non-EU Citizen
Albert,Morales,jeremy30@williams-clark.info,,Non-EU Citizen
Scott,Mcneil,veronica93@avila.com,EU Citizen,
Tara,Pena,kerry63@marshall.biz,EU Citizen,
Steven,Nolan,mhamilton@yahoo.com,,Non-EU Citizen
Julian,Moore,stevenskimberly@hotmail.com,EU Citizen,
Michael,Mcgrath,scott20@gmail.com,EU Citizen,
Brandon,Rivera,mcconnellmatthew@gmail.com,EU Citizen,
Christine,Greene,xpeterson@perkins-schmidt.com,EU Citizen,
Tracie,Robertson,keith03@hotmail.com,EU Citizen,
Stephanie,Stevens,lauren22@francis.org,EU Citizen,
Jose,Guzman,staceylin@wise-johnston.com,EU Citizen,
Chad,Sanchez,carpenterlinda@hotmail.com,EU Citizen,
Matthew,Galvan,georgenielsen@yahoo.com,EU Citizen,
Jeffery,Williams,etorres@kemp-miller.biz,EU Citizen,
John,Crane,martinezellen@yahoo.com,,Non-EU Citizen
Nancy,Howard,rwilliams@taylor.com,EU Citizen,
Timothy,Pearson,ericbarton@rivas.com,,Non-EU Citizen
Tracy,Davenport,tjohnson@gmail.com,,Non-EU Citizen
Timothy,Contreras,eingram@yahoo.com,EU Citizen,
Rachel,Drake,fli@hotmail.com,EU Citizen,
Ashley,Maynard,joshua15@gmail.com,EU Citizen,
Albert,Blake,sallen@yahoo.com,EU Citizen,
Desiree,Bond,williamsmelanie@yahoo.com,EU Citizen,
Juan,Clark,taylorlyons@hotmail.com,EU Citizen,
Andre,Briggs,kmunoz@yahoo.com,,Non-EU Citizen
Denise,Curtis,hopkinsrobert@spencer.info,,Non-EU Citizen
Jon,Collins,dennis86@king.com,EU Citizen,
Jimmy,Gray,kendra44@yahoo.com,,Non-EU Citizen
Kelsey,Mccormick,cruztrevor@hotmail.com,EU Citizen,
Charles,Johnson,chadberry@gmail.com,,Non-EU Citizen
Erin,Thompson,whitealexander@dudley.com,EU Citizen,
Leah,Odom,nathan04@carlson.com,,Non-EU Citizen
Karla,Carlson,vbrown@young.com,EU Citizen,
Victoria,Garza,aschwartz@gmail.com,,Non-EU Citizen
Andrea,Cortez,rachelwelch@romero-mason.com,,Non-EU Citizen
Amy,Stewart,christopherflynn@peters.com,EU Citizen,
Eric,Sanchez,charles40@wagner.com,EU Citizen,
Tina,Tanner,ramosmatthew@hotmail.com,,Non-EU Citizen
Dawn,Mendez,jimmysmith@yahoo.com,EU Citizen,
Todd,Williams,maysjames@blair.info,EU Citizen,
Robert,Fitzgerald,christopherfinley@gray.biz,EU Citizen,
Timothy,Reed,lozanostacey@spears-christensen.com,,Non-EU Citizen
George,Thompson,sgarcia@jacobson.info,,Non-EU Citizen
Alexa,Rios,clarkrichard@gmail.com,EU Citizen,
Jennifer,Gibbs,scotttran@anderson.com,EU Citizen,
Mary,Gregory,riveratammy@yahoo.com,EU Citizen,
Sandra,Parker,gina39@clark.com,,Non-EU Citizen
Joseph,Parsons,david37@hotmail.com,,Non-EU Citizen
Alexis,Ramos,jameswalker@smith-hernandez.com,,Non-EU Citizen
Steven,Ramos,jonathonbrown@williams.net,,Non-EU Citizen
Joseph,Rodriguez,jennifergonzalez@hotmail.com,EU Citizen,
Crystal,Ochoa,lindamitchell@hotmail.com,EU Citizen,
Megan,Pollard,alejandro52@yahoo.com,EU Citizen,
Felicia,Chen,igreer@gmail.com,,Non-EU Citizen
Cory,Wright,tara45@hotmail.com,,Non-EU Citizen
Paul,Hendrix,ronaldwalker@williams.org,EU Citizen,
Robert,Cabrera,kcooper@gmail.com,EU Citizen,
Aaron,Jackson,craig36@miller.info,,Non-EU Citizen
Victoria,Decker,john03@hotmail.com,,Non-EU Citizen
David,Riley,richardnavarro@bowman.com,,Non-EU Citizen
Cory,Mcdonald,kanejames@gmail.com,EU Citizen,
Karen,Taylor,alexandradaniels@gmail.com,EU Citizen,
Scott,Carlson,benjaminschmidt@gmail.com,EU Citizen,
Reginald,Olson,wendymason@yahoo.com,EU Citizen,
William,Davis,alexanderhorne@gmail.com,,Non-EU Citizen
Patricia,Evans,lammichael@thomas.com,EU Citizen,
Steven,Taylor,stonedwayne@spencer.com,,Non-EU Citizen
Dawn,Flores,michael35@frazier.net,,Non-EU Citizen
Andrew,Harmon,vsimmons@smith.org,EU Citizen,
Laura,King,yorkrobert@hotmail.com,EU Citizen,
Francisco,Houston,lloydbonnie@buchanan.net,,Non-EU Citizen
James,Moore,psmith@anderson-taylor.com,EU Citizen,
Lance,George,bhines@jordan.com,EU Citizen,
Richard,Patterson,rcarter@yahoo.com,,Non-EU Citizen
Brittany,Stewart,tiffany60@hotmail.com,EU Citizen,
Daniel,Ferguson,grantanthony@yahoo.com,EU Citizen,
Katie,Campbell,tammyhunt@yahoo.com,EU Citizen,
Christopher,Gonzalez,aaroncuevas@hotmail.com,EU Citizen,
Russell,Hart,matthew32@lang-chavez.com,EU Citizen,
Justin,Williams,ndavies@owen-romero.com,EU Citizen,
Amanda,Johnson,keithjonathan@russell.com,,Non-EU Citizen
Spencer,Leonard,alex04@gmail.com,,Non-EU Citizen
Dana,Bell,racheljohnson@yahoo.com,,Non-EU Citizen
Dylan,Hampton,calvin34@hotmail.com,EU Citizen,
James,Gallagher,hannah56@johnson.com,,Non-EU Citizen
Kimberly,Curtis,sbriggs@hotmail.com,EU Citizen,
Gary,Williams,mfrazier@yahoo.com,,Non-EU Citizen
Christopher,Lopez,eparsons@meyer-salinas.com,EU Citizen,
Jamie,Ellison,ann49@white-gutierrez.com,EU Citizen,
Wyatt,Huffman,mullinsgary@rivera.biz,EU Citizen,
Kathy,Martinez,rodriguezjodi@palmer.com,,Non-EU Citizen
Kevin,Nichols,melissa85@phillips-hendrix.net,EU Citizen,
Michele,Banks,daniel17@henry.info,EU Citizen,
Robert,Morris,emmataylor@wilson.com,EU Citizen,
Stephanie,Singh,sarahwolf@hotmail.com,,Non-EU Citizen
Kelsey,Miller,taylorgrace@barnes.org,EU Citizen,
Vanessa,Wilson,marvin23@yahoo.com,,Non-EU Citizen
Sarah,Williamson,crystal13@brown-mills.com,,Non-EU Citizen
John,Anderson,nicholas23@hotmail.com,EU Citizen,
Timothy,Hubbard,khancock@clark.com,EU Citizen,
Toni,Mason,jsnow@hotmail.com,,Non-EU Citizen
Ashley,Gates,veronicamorales@ramos.net,EU Citizen,
Jacqueline,Mcgee,matthewhuffman@guzman-jones.com,,Non-EU Citizen
Rachael,Williams,patriciawalsh@yahoo.com,EU Citizen,
Janice,Schroeder,derrick71@miller.com,EU Citizen,
James,Miller,peterprice@rivera-roberts.com,,Non-EU Citizen
April,Brown,millerbrenda@white.com,,Non-EU Citizen
Julie,Austin,kathleen35@chambers-roberts.biz,,Non-EU Citizen
Emily,Jones,curtis78@hotmail.com,EU Citizen,
Melinda,Jackson,lucerowalter@wilson.com,,Non-EU Citizen
Scott,Herrera,sheila19@hotmail.com,EU Citizen,
Micheal,Price,bgonzales@mccarthy.com,,Non-EU Citizen
Jennifer,Wright,meadowschristina@sanchez.biz,EU Citizen,
Tina,Woods,wrightkevin@yahoo.com,,Non-EU Citizen
Debra,Thomas,zford@edwards.com,EU Citizen,
Diane,Duarte,athomas@gmail.com,EU Citizen,
Christina,Brown,pamela09@hill.com,EU Citizen,
Jennifer,Rodriguez,michaelwilliams@gmail.com,EU Citizen,
Randy,Chen,burkeanthony@todd.com,,Non-EU Citizen
John,Fields,mary71@simpson.org,,Non-EU Citizen
Victoria,Garcia,deckersarah@brown-sherman.org,EU Citizen,
Rhonda,Kelly,kimjanet@hotmail.com,EU Citizen,
Eric,Nelson,jacqueline45@martin-maldonado.com,EU Citizen,
Christine,Lee,johnsonmichelle@myers.com,,Non-EU Citizen
Nicholas,Walker,ricealan@moody.com,,Non-EU Citizen
Michael,Gillespie,nelsonwayne@gmail.com,EU Citizen,
Michelle,Wu,imorgan@yahoo.com,,Non-EU Citizen
Kristopher,Anderson,hillmargaret@shelton.org,,Non-EU Citizen
Natalie,Bray,nguyenbrenda@davis.com,,Non-EU Citizen
John,Moreno,rebecca59@lynch.info,EU Citizen,
Randy,Simmons,mmendez@moore.org,,Non-EU Citizen
Melissa,Liu,hartamanda@yahoo.com,EU Citizen,
Kevin,Turner,kevintran@johnson.com,EU Citizen,
Miguel,Jackson,kenneth29@yahoo.com,,Non-EU Citizen
Jacob,Beck,spencer01@adams-patel.com,,Non-EU Citizen
Stephen,Manning,burnettpaul@gmail.com,,Non-EU Citizen
Bonnie,Davis,kristinbrown@payne.com,EU Citizen,
Michael,Hood,lauren46@smith.com,EU Citizen,
Autumn,Peck,colson@wyatt.net,EU Citizen,
Sierra,Wright,lesterjulia@hotmail.com,EU Citizen,
Jeffrey,Hawkins,gail38@hotmail.com,,Non-EU Citizen
Julie,Hooper,karla97@pope.com,EU Citizen,
John,Kirby,hilljonathan@hotmail.com,,Non-EU Citizen
Ronnie,Smith,hernandezmichelle@hotmail.com,,Non-EU Citizen
Andre,Wheeler,olivia17@yahoo.com,EU Citizen,
Steven,Sherman,zachary60@yahoo.com,EU Citizen,
Julie,Perkins,xroman@yahoo.com,EU Citizen,
Christopher,Higgins,desiree97@porter-stevens.com,,Non-EU Citizen
Kevin,Diaz,brianjohnson@yahoo.com,,Non-EU Citizen
James,Kaufman,jspencer@watson.org,EU Citizen,
Brenda,Spence,robinsonmelissa@yahoo.com,EU Citizen,
Danielle,Crawford,smason@hotmail.com,,Non-EU Citizen
Joshua,Watson,hunterdanielle@yahoo.com,EU Citizen,
Sara,Coleman,bonillakari@yahoo.com,,Non-EU Citizen
Amber,Diaz,alexacoleman@vazquez.com,,Non-EU Citizen
William,Riley,thomasryan@yahoo.com,EU Citizen,
Jeffrey,Brooks,vdunn@garcia.info,EU Citizen,
William,Smith,oburke@yahoo.com,,Non-EU Citizen
Linda,Ramirez,ericabbott@gmail.com,EU Citizen,
Mark,Fletcher,elizabethmonroe@hartman-hanson.com,,Non-EU Citizen
Michael,Jones,rbaker@rivera.com,,Non-EU Citizen
Casey,Wolfe,kleinstephanie@nelson.com,EU Citizen,
Grant,Smith,bushjoyce@todd-martin.com,EU Citizen,
Loretta,Lee,valenzuelaholly@taylor.com,EU Citizen,
Mary,Day,qstuart@hotmail.com,EU Citizen,
Melissa,Welch,calderoncolin@yahoo.com,EU Citizen,
Derek,Rogers,millerjason@hotmail.com,EU Citizen,
Mason,Johnson,omorton@pugh.net,,Non-EU Citizen
Troy,Kelly,gloriaprice@clark.com,,Non-EU Citizen
Steven,Cooke,silvachris@ochoa.com,EU Citizen,
James,Willis,daughertyalan@gmail.com,EU Citizen,
Sonya,Brennan,lopezrebecca@gmail.com,EU Citizen,
Howard,Carrillo,petersenzachary@pope.com,,Non-EU Citizen
Jessica,Nelson,rogermontes@hotmail.com,,Non-EU Citizen
Stephen,Johnson,daniel71@cox.info,EU Citizen,
Elizabeth,Lyons,earmstrong@hill-herrera.com,EU Citizen,
Michelle,Miller,raymond73@yahoo.com,EU Citizen,
David,Price,ncarter@gmail.com,,Non-EU Citizen
Andrew,Werner,brownjerry@gmail.com,,Non-EU Citizen
James,Kennedy,wigginskevin@wilson-gibson.com,,Non-EU Citizen
Alicia,Miller,thubbard@smith.com,EU Citizen,
Sandra,Kelley,jacksonrichard@yahoo.com,EU Citizen,
Jonathan,White,robertmadden@smith.com,,Non-EU Citizen
Ronald,Rojas,vegabrendan@moran-berg.com,EU Citizen,
Joshua,Perez,harrisondavid@abbott.com,,Non-EU Citizen
Jared,Smith,mark89@kline.org,EU Citizen,
Phillip,James,adoyle@hotmail.com,EU Citizen,
Sonya,Roberts,michael34@hotmail.com,,Non-EU Citizen
Charles,Elliott,ivillanueva@hotmail.com,,Non-EU Citizen
Megan,Moore,leon03@gmail.com,,Non-EU Citizen
Brian,Peterson,rogermcdaniel@walker.net,,Non-EU Citizen
Ashley,Chapman,xdaugherty@hotmail.com,,Non-EU Citizen
Timothy,Gray,petersdeborah@lowe.com,EU Citizen,
Katie,Smith,donald54@coleman-ballard.com,,Non-EU Citizen
Maria,Johnson,jhughes@gmail.com,,Non-EU Citizen
Douglas,Myers,samanthapena@yahoo.com,EU Citizen,
Brandon,Martin,kathryn84@wood.com,,Non-EU Citizen
Rhonda,Berry,castanedacynthia@richardson.info,EU Citizen,
Nancy,Reed,denise05@hotmail.com,,Non-EU Citizen
Julia,Burnett,qanderson@aguirre.com,EU Citizen,
Angela,Murphy,jcook@hotmail.com,,Non-EU Citizen
David,Flores,jennashah@dougherty.com,,Non-EU Citizen
Michael,Warner,jeremy64@ingram.biz,EU Citizen,
Kelly,Davis,fspencer@simpson.com,EU Citizen,
Katrina,Ramos,michelle08@hotmail.com,EU Citizen,
Christopher,Roth,alexanderhayden@gmail.com,,Non-EU Citizen
Jack,Hughes,jeremy03@mooney-gonzalez.com,,Non-EU Citizen
Michelle,Santos,sarah37@cummings.org,EU Citizen,
Mary,Rodriguez,johnrich@harding-rogers.com,EU Citizen,
Jasmine,Guzman,ocarr@hotmail.com,EU Citizen,
Chase,Marshall,willie01@brock-craig.com,,Non-EU Citizen
Melissa,Perry,kmcdonald@yahoo.com,,Non-EU Citizen
Ryan,Norton,lambertdorothy@gmail.com,,Non-EU Citizen
William,Henderson,kristentyler@nelson.com,EU Citizen,
Micheal,Gates,imills@hotmail.com,,Non-EU Citizen
Bonnie,Rivera,brendamartinez@gmail.com,EU Citizen,
Michelle,Gutierrez,molinaangela@marshall.net,EU Citizen,
Michael,Freeman,daniel86@gmail.com,EU Citizen,
Candice,Taylor,mendozaanna@smith.net,,Non-EU Citizen
Shannon,Allen,andreasloan@gmail.com,,Non-EU Citizen
Alexander,Cross,iadams@mills.com,EU Citizen,
Janet,Gray,michaelserrano@hotmail.com,,Non-EU Citizen
Karen,Shea,cingram@gmail.com,EU Citizen,
Jon,Thompson,jasonfisher@yahoo.com,,Non-EU Citizen
Ana,Jefferson,maria06@sheppard.net,,Non-EU Citizen
Christopher,Morton,qfloyd@yahoo.com,,Non-EU Citizen
Michelle,Clay,linerin@yahoo.com,,Non-EU Citizen
Jose,Stewart,stephenvincent@whitney.biz,EU Citizen,
Todd,Mckay,richardsamy@yahoo.com,,Non-EU Citizen
Dennis,Lopez,lindarogers@gmail.com,,Non-EU Citizen
Thomas,Watkins,jamesmorrison@simmons-gonzalez.com,,Non-EU Citizen
Gary,Stevens,nparker@thompson.net,,Non-EU Citizen
Tyler,Rivera,davisthomas@yahoo.com,,Non-EU Citizen
Charles,Vega,fordkathleen@davis-vaughn.biz,EU Citizen,
Alan,Howard,sampsonchristine@yahoo.com,,Non-EU Citizen
Angela,Kennedy,xvega@zhang.com,EU Citizen,
Yolanda,Roman,ehernandez@yahoo.com,,Non-EU Citizen
Cynthia,Harris,jamesanthony@yahoo.com,,Non-EU Citizen
Lee,Bowman,lfrazier@chan.com,EU Citizen,
Gregory,Jones,pwright@yahoo.com,EU Citizen,
James,Herrera,ekline@bailey-williams.com,EU Citizen,
