JOB_TITLE,SALARY_MIN,SALARY_MAX,COMPANY
Full Stack Developer,5000,10000,Google
Full Stack Developer,5000,10000,Oracle
Full Stack Developer,5000,10000,Adobe
Full Stack Developer,5000,10000,Fujitsu
Full Stack Developer,5000,10000,Accenture
Full Stack Developer,5000,10000,Salesforce
Full Stack Developer,5000,10000,TCS
Full Stack Developer,5000,10000,Adobe
Full Stack Developer,5000,10000,ServiceNow
Full Stack Developer,5000,10000,VMware
Full Stack Developer,5000,10000,Accenture
Full Stack Developer,5000,10000,Infosys
Full Stack Developer,5000,10000,Wipro
Full Stack Developer,5000,10000,VMware
Full Stack Developer,5000,10000,Fujitsu
Full Stack Developer,5000,10000,Infosys
Full Stack Developer,5000,10000,VMware
Full Stack Developer,5000,10000,IBM
Full Stack Developer,5000,10000,ServiceNow
Full Stack Developer,5000,10000,SAP
Full Stack Developer,5000,10000,Dell Technologies
Full Stack Developer,5000,10000,Infosys
Full Stack Developer,5000,10000,Cognizant
Full Stack Developer,5000,10000,Amazon
Full Stack Developer,5000,10000,Google
Full Stack Developer,5000,10000,Fujitsu
Full Stack Developer,5000,10000,Nokia
Full Stack Developer,5000,10000,Atos
Full Stack Developer,5000,10000,Capgemini
Full Stack Developer,5000,10000,Infosys
Full Stack Developer,5000,10000,Wipro
Full Stack Developer,5000,10000,Ericsson
Full Stack Developer,5000,10000,Apple
Full Stack Developer,5000,10000,SAP
Full Stack Developer,5000,10000,Google
Full Stack Developer,5000,10000,DXC Technology
Full Stack Developer,5000,10000,Eviden
Full Stack Developer,5000,10000,Oracle
Full Stack Developer,5000,10000,Apple
Full Stack Developer,5000,10000,Accenture
Full Stack Developer,5000,10000,Dell Technologies
Full Stack Developer,5000,10000,Nokia
Full Stack Developer,5000,10000,Oracle
Full Stack Developer,5000,10000,NTT Data
Full Stack Developer,5000,10000,Fujitsu
Full Stack Developer,5000,10000,VMware
Full Stack Developer,5000,10000,DXC Technology
Full Stack Developer,5000,10000,SAP
Full Stack Developer,5000,10000,Hitachi
Full Stack Developer,5000,10000,Intel
Full Stack Developer,5000,10000,Oracle
Full Stack Developer,5000,10000,VMware
Full Stack Developer,5000,10000,NTT Data
Full Stack Developer,5000,10000,Adobe
Full Stack Developer,5000,10000,Cisco
Full Stack Developer,5000,10000,VMware
Full Stack Developer,5000,10000,Infosys
Full Stack Developer,5000,10000,SAP
Full Stack Developer,5000,10000,Cisco
Full Stack Developer,5000,10000,VMware
Full Stack Developer,5000,10000,Accenture
Full Stack Developer,5000,10000,SAP
Full Stack Developer,5000,10000,VMware
Full Stack Developer,5000,10000,Capgemini
Full Stack Developer,5000,10000,Cognizant
Full Stack Developer,5000,10000,Hitachi
Full Stack Developer,5000,10000,Amazon
Full Stack Developer,5000,10000,Microsoft
Full Stack Developer,5000,10000,Ericsson
Full Stack Developer,5000,10000,TCS
Full Stack Developer,5000,10000,TCS
Full Stack Developer,5000,10000,ServiceNow
Full Stack Developer,5000,10000,Infosys
Full Stack Developer,5000,10000,Adobe
Full Stack Developer,5000,10000,Salesforce
Full Stack Developer,5000,10000,Adobe
Full Stack Developer,5000,10000,Dell Technologies
Full Stack Developer,5000,10000,Infosys
System Engineer,4500,9500,Salesforce
System Engineer,4500,9500,VMware
DevOps Engineer,4500,9500,TCS
Software Developer,4500,9500,Cognizant
DevOps Engineer,4500,9500,Infosys
System Engineer,4500,9500,DXC Technology
System Engineer,4500,9500,Cognizant
DevOps Engineer,4500,9500,TCS
Backend Developer,4500,9500,Hewlett Packard
Backend Developer,4500,9500,VMware
Software Developer,4500,9500,Dell Technologies
System Engineer,4500,9500,Ericsson
DevOps Engineer,4500,9500,Salesforce
DevOps Engineer,4500,9500,Accenture
System Engineer,4500,9500,LG Electronics
System Engineer,4500,9500,Google
DevOps Engineer,4500,9500,NTT Data
System Engineer,4500,9500,Microsoft
Backend Developer,4500,9500,Apple
Software Developer,4500,9500,Ericsson
DevOps Engineer,4500,9500,Microsoft
Backend Developer,4500,9500,Accenture
Software Developer,4500,9500,Dell Technologies
DevOps Engineer,4500,9500,LG Electronics
Backend Developer,4500,9500,Nokia
DevOps Engineer,4500,9500,Hitachi
Software Developer,4500,9500,VMware
Software Developer,4500,9500,IBM
Backend Developer,4500,9500,TCS
Software Developer,4500,9500,Infosys
DevOps Engineer,4500,9500,Dell Technologies
Backend Developer,4500,9500,Salesforce
DevOps Engineer,4500,9500,Hewlett Packard
Backend Developer,4500,9500,Cognizant
Software Developer,4500,9500,Oracle
Backend Developer,4500,9500,Atos
Backend Developer,4500,9500,Fujitsu
System Engineer,4500,9500,Amazon
Backend Developer,4500,9500,Intel
Backend Developer,4500,9500,LG Electronics
DevOps Engineer,4500,9500,VMware
DevOps Engineer,4500,9500,Ericsson
Backend Developer,4500,9500,Salesforce
Backend Developer,4500,9500,Nokia
Backend Developer,4500,9500,NTT Data
System Engineer,4500,9500,Eviden
System Engineer,4500,9500,Nokia
DevOps Engineer,4500,9500,Atos
Software Developer,4500,9500,SAP
System Engineer,4500,9500,ServiceNow
DevOps Engineer,4500,9500,Intel
System Engineer,4500,9500,Oracle
DevOps Engineer,4500,9500,Apple
System Engineer,4500,9500,Microsoft
Software Developer,4500,9500,LG Electronics
DevOps Engineer,4500,9500,LG Electronics
Software Developer,4500,9500,Ericsson
Backend Developer,4500,9500,SAP
Software Developer,4500,9500,Hitachi
DevOps Engineer,4500,9500,Microsoft
Backend Developer,4500,9500,VMware
System Engineer,4500,9500,Oracle
DevOps Engineer,4500,9500,Salesforce
Software Developer,4500,9500,SAP
System Engineer,4500,9500,Cisco
Backend Developer,4500,9500,Accenture
Software Developer,4500,9500,IBM
DevOps Engineer,4500,9500,Wipro
DevOps Engineer,4500,9500,Nokia
System Engineer,4500,9500,Hitachi
DevOps Engineer,4500,9500,SAP
DevOps Engineer,4500,9500,Hewlett Packard
Backend Developer,4500,9500,Red Hat
Backend Developer,4500,9500,Microsoft
DevOps Engineer,4500,9500,IBM
System Engineer,4500,9500,IBM
Software Developer,4500,9500,ServiceNow
DevOps Engineer,4500,9500,VMware
Software Developer,4500,9500,Nokia
Backend Developer,4500,9500,SAP
DevOps Engineer,4500,9500,Eviden
DevOps Engineer,4500,9500,Infosys
Backend Developer,4500,9500,Capgemini
Software Developer,4500,9500,Dell Technologies
System Engineer,4500,9500,Dell Technologies
DevOps Engineer,4500,9500,Wipro
DevOps Engineer,4500,9500,Accenture
DevOps Engineer,4500,9500,NTT Data
Software Developer,4500,9500,Capgemini
DevOps Engineer,4500,9500,Amazon
DevOps Engineer,4500,9500,IBM
DevOps Engineer,4500,9500,Google
DevOps Engineer,4500,9500,ServiceNow
Software Developer,4500,9500,VMware
DevOps Engineer,4500,9500,VMware
DevOps Engineer,4500,9500,Infosys
Backend Developer,4500,9500,DXC Technology
Software Developer,4500,9500,TCS
Software Developer,4500,9500,Fujitsu
Backend Developer,4500,9500,Wipro
System Engineer,4500,9500,Ericsson
Backend Developer,4500,9500,IBM
Backend Developer,4500,9500,Atos
DevOps Engineer,4500,9500,Salesforce
DevOps Engineer,4500,9500,DXC Technology
System Engineer,4500,9500,VMware
Software Developer,4500,9500,SAP
DevOps Engineer,4500,9500,Nokia
Software Developer,4500,9500,Hitachi
Software Developer,4500,9500,VMware
Backend Developer,4500,9500,LG Electronics
Software Developer,4500,9500,Microsoft
System Engineer,4500,9500,Apple
DevOps Engineer,4500,9500,Amazon
DevOps Engineer,4500,9500,SAP
Backend Developer,4500,9500,Accenture
Backend Developer,4500,9500,LG Electronics
Backend Developer,4500,9500,Apple
Software Developer,4500,9500,IBM
System Engineer,4500,9500,Amazon
System Engineer,4500,9500,Atos
System Engineer,4500,9500,TCS
Backend Developer,4500,9500,Capgemini
System Engineer,4500,9500,Fujitsu
DevOps Engineer,4500,9500,VMware
Backend Developer,4500,9500,Salesforce
Software Developer,4500,9500,IBM
Software Developer,4500,9500,Oracle
Software Developer,4500,9500,Dell Technologies
System Engineer,4500,9500,Hewlett Packard
Backend Developer,4500,9500,TCS
System Engineer,4500,9500,VMware
Backend Developer,4500,9500,SAP
Software Developer,4500,9500,ServiceNow
Backend Developer,4500,9500,Apple
System Engineer,4500,9500,Cisco
DevOps Engineer,4500,9500,Dell Technologies
Backend Developer,4500,9500,Hewlett Packard
Software Developer,4500,9500,Infosys
Software Developer,4500,9500,Nokia
Software Developer,4500,9500,Ericsson
Software Developer,4500,9500,Red Hat
Backend Developer,4500,9500,LG Electronics
DevOps Engineer,4500,9500,LG Electronics
System Engineer,4500,9500,IBM
DevOps Engineer,4500,9500,Amazon
DevOps Engineer,4500,9500,Cisco
Backend Developer,4500,9500,Oracle
DevOps Engineer,4500,9500,SAP
Backend Developer,4500,9500,Adobe
Backend Developer,4500,9500,Microsoft
Backend Developer,4500,9500,VMware
Software Developer,4500,9500,Nokia
Software Developer,4500,9500,Cognizant
Software Developer,4500,9500,Infosys
System Engineer,4500,9500,DXC Technology
DevOps Engineer,4500,9500,Capgemini
DevOps Engineer,4500,9500,Salesforce
Backend Developer,4500,9500,NTT Data
Backend Developer,4500,9500,Intel
DevOps Engineer,4500,9500,Apple
Software Developer,4500,9500,Microsoft
System Engineer,4500,9500,Wipro
DevOps Engineer,4500,9500,Ericsson
DevOps Engineer,4500,9500,Cognizant
DevOps Engineer,4500,9500,DXC Technology
Software Developer,4500,9500,Hitachi
Software Developer,4500,9500,VMware
System Engineer,4500,9500,Microsoft
DevOps Engineer,4500,9500,Intel
Software Developer,4500,9500,Eviden
Software Developer,4500,9500,NTT Data
Backend Developer,4500,9500,Accenture
Backend Developer,4500,9500,Salesforce
System Engineer,4500,9500,Fujitsu
DevOps Engineer,4500,9500,Wipro
Software Developer,4500,9500,Ericsson
Backend Developer,4500,9500,ServiceNow
System Engineer,4500,9500,LG Electronics
Backend Developer,4500,9500,Microsoft
Backend Developer,4500,9500,Apple
System Engineer,4500,9500,Intel
Software Developer,4500,9500,SAP
DevOps Engineer,4500,9500,NTT Data
System Engineer,4500,9500,Fujitsu
Software Developer,4500,9500,Salesforce
System Engineer,4500,9500,NTT Data
Backend Developer,4500,9500,Adobe
System Engineer,4500,9500,SAP
Software Developer,4500,9500,Intel
DevOps Engineer,4500,9500,Oracle
Software Developer,4500,9500,Amazon
DevOps Engineer,4500,9500,VMware
Software Developer,4500,9500,Wipro
Software Developer,4500,9500,Ericsson
System Engineer,4500,9500,Hitachi
Backend Developer,4500,9500,SAP
Software Developer,4500,9500,Cognizant
Backend Developer,4500,9500,Infosys
Backend Developer,4500,9500,Salesforce
System Engineer,4500,9500,Red Hat
Backend Developer,4500,9500,ServiceNow
Software Developer,4500,9500,Google
Software Developer,4500,9500,Apple
System Engineer,4500,9500,Intel
DevOps Engineer,4500,9500,Atos
Software Developer,4500,9500,Eviden
System Engineer,4500,9500,NTT Data
DevOps Engineer,4500,9500,Wipro
Software Developer,4500,9500,Hewlett Packard
System Engineer,4500,9500,Infosys
Software Developer,4500,9500,Fujitsu
System Engineer,4500,9500,VMware
Backend Developer,4500,9500,Ericsson
Software Developer,4500,9500,Red Hat
Software Developer,4500,9500,LG Electronics
Software Developer,4500,9500,Capgemini
Software Developer,4500,9500,Ericsson
DevOps Engineer,4500,9500,Nokia
Backend Developer,4500,9500,Fujitsu
System Engineer,4500,9500,Infosys
Software Developer,4500,9500,TCS
DevOps Engineer,4500,9500,Accenture
Backend Developer,4500,9500,Adobe
System Engineer,4500,9500,Cisco
Software Developer,4500,9500,Amazon
Software Developer,4500,9500,LG Electronics
System Engineer,4500,9500,Red Hat
Software Developer,4500,9500,Wipro
System Engineer,4500,9500,Infosys
Backend Developer,4500,9500,TCS
System Engineer,4500,9500,Hewlett Packard
DevOps Engineer,4500,9500,Cisco
System Engineer,4500,9500,VMware
Software Developer,4500,9500,Fujitsu
Backend Developer,4500,9500,Microsoft
System Engineer,4500,9500,DXC Technology
System Engineer,4500,9500,Hewlett Packard
System Engineer,4500,9500,Eviden
DevOps Engineer,4500,9500,Adobe
Software Developer,4500,9500,Cisco
Software Developer,4500,9500,Amazon
Software Developer,4500,9500,IBM
Backend Developer,4500,9500,LG Electronics
DevOps Engineer,4500,9500,ServiceNow
DevOps Engineer,4500,9500,Wipro
Software Developer,4500,9500,Nokia
System Engineer,4500,9500,Google
Backend Developer,4500,9500,Oracle
Software Developer,4500,9500,Intel
Software Developer,4500,9500,Fujitsu
DevOps Engineer,4500,9500,Infosys
Backend Developer,4500,9500,Hewlett Packard
Software Developer,4500,9500,NTT Data
System Engineer,4500,9500,Atos
DevOps Engineer,4500,9500,IBM
DevOps Engineer,4500,9500,LG Electronics
Backend Developer,4500,9500,Red Hat
Software Developer,4500,9500,VMware
DevOps Engineer,4500,9500,Nokia
Backend Developer,4500,9500,Hitachi
Software Developer,4500,9500,SAP
Backend Developer,4500,9500,Infosys
Software Developer,4500,9500,Amazon
Software Developer,4500,9500,IBM
Backend Developer,4500,9500,Accenture
System Engineer,4500,9500,Google
System Engineer,4500,9500,Ericsson
System Engineer,4500,9500,Infosys
Backend Developer,4500,9500,TCS
Software Developer,4500,9500,Accenture
DevOps Engineer,4500,9500,NTT Data
System Engineer,4500,9500,Hewlett Packard
System Engineer,4500,9500,Oracle
Backend Developer,4500,9500,IBM
Backend Developer,4500,9500,Apple
System Engineer,4500,9500,ServiceNow
Backend Developer,4500,9500,Eviden
Backend Developer,4500,9500,Nokia
DevOps Engineer,4500,9500,Hitachi
System Engineer,4500,9500,SAP
Backend Developer,4500,9500,VMware
DevOps Engineer,4500,9500,DXC Technology
System Engineer,4500,9500,Hewlett Packard
Software Developer,4500,9500,Accenture
System Engineer,4500,9500,Adobe
Backend Developer,4500,9500,SAP
DevOps Engineer,4500,9500,Red Hat
Backend Developer,4500,9500,Oracle
Software Developer,4500,9500,IBM
DevOps Engineer,4500,9500,Apple
System Engineer,4500,9500,Microsoft
Backend Developer,4500,9500,Dell Technologies
System Engineer,4500,9500,Red Hat
Backend Developer,4500,9500,Adobe
System Engineer,4500,9500,Eviden
Software Developer,4500,9500,Wipro
System Engineer,4500,9500,Fujitsu
System Engineer,4500,9500,SAP
DevOps Engineer,4500,9500,IBM
DevOps Engineer,4500,9500,Cognizant
Backend Developer,4500,9500,Apple
Software Developer,4500,9500,Salesforce
DevOps Engineer,4500,9500,Eviden
DevOps Engineer,4500,9500,Atos
System Engineer,4500,9500,Cognizant
System Engineer,4500,9500,DXC Technology
System Engineer,4500,9500,Cognizant
Software Developer,4500,9500,Intel
DevOps Engineer,4500,9500,Apple
Software Developer,4500,9500,LG Electronics
DevOps Engineer,4500,9500,ServiceNow
Software Developer,4500,9500,VMware
System Engineer,4500,9500,Wipro
System Engineer,4500,9500,Fujitsu
System Engineer,4500,9500,Ericsson
Backend Developer,4500,9500,Hitachi
Backend Developer,4500,9500,Google
DevOps Engineer,4500,9500,Cognizant
System Engineer,4500,9500,TCS
Software Developer,4500,9500,Salesforce
DevOps Engineer,4500,9500,Accenture
Backend Developer,4500,9500,Salesforce
Backend Developer,4500,9500,NTT Data
Software Developer,4500,9500,NTT Data
DevOps Engineer,4500,9500,Apple
Backend Developer,4500,9500,Eviden
DevOps Engineer,4500,9500,IBM
Backend Developer,4500,9500,Intel
Software Developer,4500,9500,LG Electronics
Backend Developer,4500,9500,Intel
Backend Developer,4500,9500,Oracle
Software Developer,4500,9500,Cisco
Frontend Developer,4000,10000,Oracle
Frontend Developer,4000,10000,Infosys
Frontend Developer,4000,10000,Fujitsu
Frontend Developer,4000,10000,Accenture
Frontend Developer,4000,10000,Atos
Frontend Developer,4000,10000,Salesforce
Frontend Developer,4000,10000,Google
Frontend Developer,4000,10000,TCS
Frontend Developer,4000,10000,Adobe
Frontend Developer,4000,10000,Eviden
Frontend Developer,4000,10000,Microsoft
Frontend Developer,4000,10000,Apple
Frontend Developer,4000,10000,Oracle
Frontend Developer,4000,10000,Hitachi
Frontend Developer,4000,10000,Wipro
Frontend Developer,4000,10000,Red Hat
Frontend Developer,4000,10000,Cognizant
Frontend Developer,4000,10000,VMware
Frontend Developer,4000,10000,Hitachi
Frontend Developer,4000,10000,Wipro
Frontend Developer,4000,10000,Nokia
Frontend Developer,4000,10000,Ericsson
Frontend Developer,4000,10000,Wipro
Frontend Developer,4000,10000,Microsoft
Frontend Developer,4000,10000,Google
Frontend Developer,4000,10000,Cisco
Frontend Developer,4000,10000,Intel
Frontend Developer,4000,10000,Eviden
Frontend Developer,4000,10000,SAP
Frontend Developer,4000,10000,Oracle
Frontend Developer,4000,10000,Hewlett Packard
Frontend Developer,4000,10000,Intel
Frontend Developer,4000,10000,Salesforce
Frontend Developer,4000,10000,VMware
Frontend Developer,4000,10000,Fujitsu
Frontend Developer,4000,10000,DXC Technology
Frontend Developer,4000,10000,Wipro
Frontend Developer,4000,10000,Cognizant
Frontend Developer,4000,10000,TCS
Frontend Developer,4000,10000,DXC Technology
Frontend Developer,4000,10000,Cognizant
Frontend Developer,4000,10000,Amazon
Frontend Developer,4000,10000,Hewlett Packard
Frontend Developer,4000,10000,Hitachi
Frontend Developer,4000,10000,DXC Technology
Frontend Developer,4000,10000,VMware
Frontend Developer,4000,10000,SAP
Frontend Developer,4000,10000,Oracle
Frontend Developer,4000,10000,LG Electronics
Frontend Developer,4000,10000,Eviden
Frontend Developer,4000,10000,Accenture
Frontend Developer,4000,10000,Amazon
Frontend Developer,4000,10000,Adobe
Frontend Developer,4000,10000,DXC Technology
Frontend Developer,4000,10000,Oracle
Frontend Developer,4000,10000,Cognizant
Frontend Developer,4000,10000,Google
Frontend Developer,4000,10000,Salesforce
Frontend Developer,4000,10000,Hewlett Packard
Frontend Developer,4000,10000,Cognizant
Frontend Developer,4000,10000,SAP
Frontend Developer,4000,10000,Capgemini
Frontend Developer,4000,10000,VMware
Frontend Developer,4000,10000,Google
Frontend Developer,4000,10000,Apple
Frontend Developer,4000,10000,SAP
Frontend Developer,4000,10000,Adobe
Frontend Developer,4000,10000,Accenture
Frontend Developer,4000,10000,SAP
Frontend Developer,4000,10000,Capgemini
Frontend Developer,4000,10000,DXC Technology
Frontend Developer,4000,10000,Atos
Frontend Developer,4000,10000,Microsoft
Full Stack Developer,3000,5000,Cisco
Full Stack Developer,3000,5000,Eviden
Full Stack Developer,3000,5000,Salesforce
Full Stack Developer,3000,5000,Hitachi
Full Stack Developer,3000,5000,DXC Technology
Full Stack Developer,3000,5000,VMware
Full Stack Developer,3000,5000,ServiceNow
Full Stack Developer,3000,5000,Salesforce
Full Stack Developer,3000,5000,Fujitsu
Full Stack Developer,3000,5000,Cognizant
Full Stack Developer,3000,5000,Infosys
Full Stack Developer,3000,5000,Atos
Full Stack Developer,3000,5000,ServiceNow
Full Stack Developer,3000,5000,ServiceNow
Full Stack Developer,3000,5000,VMware
Full Stack Developer,3000,5000,Wipro
Full Stack Developer,3000,5000,Capgemini
Full Stack Developer,3000,5000,Ericsson
Full Stack Developer,3000,5000,DXC Technology
Full Stack Developer,3000,5000,IBM
Full Stack Developer,3000,5000,Cognizant
Full Stack Developer,3000,5000,Adobe
Full Stack Developer,3000,5000,SAP
Full Stack Developer,3000,5000,Cisco
Full Stack Developer,3000,5000,Dell Technologies
Full Stack Developer,3000,5000,Hewlett Packard
Full Stack Developer,3000,5000,Cisco
Full Stack Developer,3000,5000,Red Hat
Full Stack Developer,3000,5000,Cognizant
Full Stack Developer,3000,5000,Intel
Full Stack Developer,3000,5000,DXC Technology
Full Stack Developer,3000,5000,Adobe
Full Stack Developer,3000,5000,Cognizant
Full Stack Developer,3000,5000,Microsoft
Full Stack Developer,3000,5000,Nokia
Full Stack Developer,3000,5000,Ericsson
Full Stack Developer,3000,5000,Cisco
Full Stack Developer,3000,5000,Apple
Full Stack Developer,3000,5000,Atos
Full Stack Developer,3000,5000,Ericsson
Full Stack Developer,3000,5000,Eviden
Full Stack Developer,3000,5000,Microsoft
Full Stack Developer,3000,5000,Microsoft
Full Stack Developer,3000,5000,Cognizant
Full Stack Developer,3000,5000,Capgemini
Full Stack Developer,3000,5000,DXC Technology
Full Stack Developer,3000,5000,Wipro
Full Stack Developer,3000,5000,VMware
Full Stack Developer,3000,5000,VMware
Full Stack Developer,3000,5000,Google
Full Stack Developer,3000,5000,Red Hat
Full Stack Developer,3000,5000,Hitachi
Full Stack Developer,3000,5000,VMware
Full Stack Developer,3000,5000,Salesforce
Full Stack Developer,3000,5000,Cognizant
Full Stack Developer,3000,5000,Infosys
Full Stack Developer,3000,5000,Capgemini
Full Stack Developer,3000,5000,Adobe
Full Stack Developer,3000,5000,Dell Technologies
Full Stack Developer,3000,5000,Infosys
Full Stack Developer,3000,5000,Nokia
Full Stack Developer,3000,5000,Atos
Full Stack Developer,3000,5000,Dell Technologies
Full Stack Developer,3000,5000,Apple
Full Stack Developer,3000,5000,Red Hat
Full Stack Developer,3000,5000,NTT Data
Full Stack Developer,3000,5000,Amazon
Full Stack Developer,3000,5000,Microsoft
Full Stack Developer,3000,5000,Capgemini
Full Stack Developer,3000,5000,Capgemini
Full Stack Developer,3000,5000,VMware
Full Stack Developer,3000,5000,Atos
Full Stack Developer,3000,5000,LG Electronics
Full Stack Developer,3000,5000,LG Electronics
Full Stack Developer,3000,5000,IBM
Full Stack Developer,3000,5000,Cisco
Full Stack Developer,3000,5000,SAP
Full Stack Developer,3000,5000,Hewlett Packard
Full Stack Developer,3000,5000,SAP
DevOps Engineer,2600,8300,Oracle
DevOps Engineer,2600,8300,SAP
DevOps Engineer,2600,8300,Hewlett Packard
DevOps Engineer,2600,8300,Atos
DevOps Engineer,2600,8300,Eviden
DevOps Engineer,2600,8300,SAP
DevOps Engineer,2600,8300,Hewlett Packard
DevOps Engineer,2600,8300,Atos
DevOps Engineer,2600,8300,Intel
DevOps Engineer,2600,8300,SAP
DevOps Engineer,2600,8300,Dell Technologies
DevOps Engineer,2600,8300,Dell Technologies
DevOps Engineer,2600,8300,Nokia
DevOps Engineer,2600,8300,Atos
DevOps Engineer,2600,8300,Oracle
DevOps Engineer,2600,8300,Fujitsu
DevOps Engineer,2600,8300,VMware
DevOps Engineer,2600,8300,DXC Technology
DevOps Engineer,2600,8300,TCS
DevOps Engineer,2600,8300,Hitachi
DevOps Engineer,2600,8300,NTT Data
DevOps Engineer,2600,8300,Accenture
DevOps Engineer,2600,8300,Microsoft
DevOps Engineer,2600,8300,Fujitsu
DevOps Engineer,2600,8300,Cognizant
DevOps Engineer,2600,8300,SAP
DevOps Engineer,2600,8300,Google
DevOps Engineer,2600,8300,Fujitsu
DevOps Engineer,2600,8300,Hewlett Packard
DevOps Engineer,2600,8300,Hewlett Packard
DevOps Engineer,2600,8300,ServiceNow
DevOps Engineer,2600,8300,Accenture
DevOps Engineer,2600,8300,Microsoft
DevOps Engineer,2600,8300,ServiceNow
DevOps Engineer,2600,8300,Red Hat
DevOps Engineer,2600,8300,DXC Technology
DevOps Engineer,2600,8300,Google
DevOps Engineer,2600,8300,Adobe
DevOps Engineer,2600,8300,ServiceNow
DevOps Engineer,2600,8300,Microsoft
DevOps Engineer,2600,8300,VMware
DevOps Engineer,2600,8300,LG Electronics
DevOps Engineer,2600,8300,NTT Data
DevOps Engineer,2600,8300,Amazon
DevOps Engineer,2600,8300,Oracle
DevOps Engineer,2600,8300,NTT Data
DevOps Engineer,2600,8300,Atos
DevOps Engineer,2600,8300,VMware
DevOps Engineer,2600,8300,TCS
DevOps Engineer,2600,8300,Cognizant
DevOps Engineer,2600,8300,SAP
DevOps Engineer,2600,8300,Fujitsu
DevOps Engineer,2600,8300,Adobe
DevOps Engineer,2600,8300,Intel
DevOps Engineer,2600,8300,NTT Data
DevOps Engineer,2600,8300,IBM
DevOps Engineer,2600,8300,Atos
DevOps Engineer,2600,8300,SAP
DevOps Engineer,2600,8300,Adobe
DevOps Engineer,2600,8300,Eviden
DevOps Engineer,2600,8300,Cisco
DevOps Engineer,2600,8300,VMware
DevOps Engineer,2600,8300,Microsoft
DevOps Engineer,2600,8300,Google
DevOps Engineer,2600,8300,Google
DevOps Engineer,2600,8300,NTT Data
DevOps Engineer,2600,8300,Apple
DevOps Engineer,2600,8300,Microsoft
DevOps Engineer,2600,8300,SAP
DevOps Engineer,2600,8300,IBM
DevOps Engineer,2600,8300,SAP
DevOps Engineer,2600,8300,Salesforce
DevOps Engineer,2600,8300,SAP
DevOps Engineer,2600,8300,DXC Technology
DevOps Engineer,2600,8300,Amazon
DevOps Engineer,2600,8300,Cisco
DevOps Engineer,2600,8300,Intel
DevOps Engineer,2600,8300,Nokia
DevOps Engineer,2600,8300,NTT Data
DevOps Engineer,2600,8300,Capgemini
DevOps Engineer,2600,8300,SAP
DevOps Engineer,2600,8300,Google
System Engineer,2500,6200,Amazon
System Engineer,2500,6200,Cisco
System Engineer,2500,6200,Amazon
System Engineer,2500,6200,SAP
System Engineer,2500,6200,Apple
System Engineer,2500,6200,Apple
System Engineer,2500,6200,IBM
System Engineer,2500,6200,Nokia
System Engineer,2500,6200,Ericsson
System Engineer,2500,6200,Apple
System Engineer,2500,6200,Cognizant
System Engineer,2500,6200,Atos
System Engineer,2500,6200,Cisco
System Engineer,2500,6200,Google
System Engineer,2500,6200,NTT Data
System Engineer,2500,6200,Intel
System Engineer,2500,6200,Hitachi
System Engineer,2500,6200,Eviden
System Engineer,2500,6200,Amazon
System Engineer,2500,6200,Capgemini
System Engineer,2500,6200,Eviden
System Engineer,2500,6200,Intel
System Engineer,2500,6200,Hewlett Packard
System Engineer,2500,6200,Adobe
System Engineer,2500,6200,Infosys
System Engineer,2500,6200,Cognizant
System Engineer,2500,6200,VMware
System Engineer,2500,6200,SAP
System Engineer,2500,6200,Capgemini
System Engineer,2500,6200,Oracle
System Engineer,2500,6200,ServiceNow
System Engineer,2500,6200,Amazon
System Engineer,2500,6200,NTT Data
System Engineer,2500,6200,Amazon
System Engineer,2500,6200,Atos
System Engineer,2500,6200,Intel
System Engineer,2500,6200,Apple
System Engineer,2500,6200,VMware
System Engineer,2500,6200,Salesforce
System Engineer,2500,6200,Adobe
System Engineer,2500,6200,SAP
System Engineer,2500,6200,SAP
System Engineer,2500,6200,Red Hat
System Engineer,2500,6200,SAP
System Engineer,2500,6200,Hitachi
System Engineer,2500,6200,TCS
System Engineer,2500,6200,Fujitsu
System Engineer,2500,6200,ServiceNow
System Engineer,2500,6200,Cisco
System Engineer,2500,6200,TCS
System Engineer,2500,6200,Eviden
System Engineer,2500,6200,IBM
System Engineer,2500,6200,Hewlett Packard
System Engineer,2500,6200,Dell Technologies
System Engineer,2500,6200,Dell Technologies
System Engineer,2500,6200,SAP
System Engineer,2500,6200,Amazon
System Engineer,2500,6200,Accenture
System Engineer,2500,6200,Adobe
System Engineer,2500,6200,Intel
System Engineer,2500,6200,Nokia
System Engineer,2500,6200,Fujitsu
System Engineer,2500,6200,VMware
System Engineer,2500,6200,Fujitsu
System Engineer,2500,6200,Nokia
System Engineer,2500,6200,Eviden
System Engineer,2500,6200,Red Hat
System Engineer,2500,6200,Wipro
System Engineer,2500,6200,Salesforce
System Engineer,2500,6200,Dell Technologies
System Engineer,2500,6200,TCS
System Engineer,2500,6200,IBM
System Engineer,2500,6200,Cognizant
System Engineer,2500,6200,Red Hat
System Engineer,2500,6200,Ericsson
System Engineer,2500,6200,Accenture
System Engineer,2500,6200,Google
System Engineer,2500,6200,LG Electronics
System Engineer,2500,6200,LG Electronics
System Engineer,2500,6200,Cisco
System Engineer,2500,6200,DXC Technology
System Engineer,2500,6200,TCS
System Engineer,2500,6200,Hitachi
System Engineer,2500,6200,Salesforce
System Engineer,2500,6200,Atos
System Engineer,2500,6200,Infosys
Backend Developer,2300,7500,VMware
Software Developer,2300,4800,Eviden
Backend Developer,2300,7500,Google
Software Developer,2300,4800,Intel
Software Developer,2300,4800,Wipro
Backend Developer,2300,7500,TCS
Backend Developer,2300,7500,Fujitsu
Backend Developer,2300,7500,Amazon
Software Developer,2300,4800,Hewlett Packard
Software Developer,2300,4800,Red Hat
Software Developer,2300,4800,Intel
Backend Developer,2300,7500,SAP
Software Developer,2300,4800,ServiceNow
Backend Developer,2300,7500,Oracle
Backend Developer,2300,7500,Apple
Backend Developer,2300,7500,Hewlett Packard
Software Developer,2300,4800,LG Electronics
Backend Developer,2300,7500,Intel
Backend Developer,2300,7500,Microsoft
Backend Developer,2300,7500,Google
Software Developer,2300,4800,NTT Data
Backend Developer,2300,7500,Capgemini
Software Developer,2300,4800,Salesforce
Software Developer,2300,4800,Hitachi
Backend Developer,2300,7500,DXC Technology
Backend Developer,2300,7500,Hitachi
Software Developer,2300,4800,Fujitsu
Backend Developer,2300,7500,Fujitsu
Backend Developer,2300,7500,Infosys
Backend Developer,2300,7500,DXC Technology
Backend Developer,2300,7500,Nokia
Software Developer,2300,4800,Infosys
Software Developer,2300,4800,Accenture
Software Developer,2300,4800,Red Hat
Backend Developer,2300,7500,Hewlett Packard
Software Developer,2300,4800,ServiceNow
Software Developer,2300,4800,LG Electronics
Software Developer,2300,4800,Accenture
Software Developer,2300,4800,Eviden
Backend Developer,2300,7500,Microsoft
Software Developer,2300,4800,Capgemini
Backend Developer,2300,7500,Microsoft
Software Developer,2300,4800,Adobe
Software Developer,2300,4800,Adobe
Software Developer,2300,4800,NTT Data
Backend Developer,2300,7500,Hewlett Packard
Software Developer,2300,4800,Capgemini
Software Developer,2300,4800,Accenture
Backend Developer,2300,7500,Wipro
Backend Developer,2300,7500,Apple
Backend Developer,2300,7500,Amazon
Software Developer,2300,4800,Cisco
Backend Developer,2300,7500,NTT Data
Software Developer,2300,4800,Eviden
Software Developer,2300,4800,Hitachi
Backend Developer,2300,7500,Atos
Software Developer,2300,4800,Oracle
Backend Developer,2300,7500,NTT Data
Software Developer,2300,4800,SAP
Backend Developer,2300,7500,IBM
Software Developer,2300,4800,Infosys
Backend Developer,2300,7500,SAP
Backend Developer,2300,7500,TCS
Software Developer,2300,4800,Red Hat
Software Developer,2300,4800,Atos
Software Developer,2300,4800,NTT Data
Backend Developer,2300,7500,LG Electronics
Backend Developer,2300,7500,Eviden
Backend Developer,2300,7500,Red Hat
Backend Developer,2300,7500,Dell Technologies
Software Developer,2300,4800,Amazon
Backend Developer,2300,7500,Adobe
Backend Developer,2300,7500,Intel
Backend Developer,2300,7500,Dell Technologies
Software Developer,2300,4800,Nokia
Software Developer,2300,4800,Nokia
Software Developer,2300,4800,ServiceNow
Software Developer,2300,4800,Red Hat
Software Developer,2300,4800,Google
Backend Developer,2300,7500,Red Hat
Backend Developer,2300,7500,Adobe
Backend Developer,2300,7500,Fujitsu
Software Developer,2300,4800,Hewlett Packard
Software Developer,2300,4800,Atos
Backend Developer,2300,7500,Eviden
Software Developer,2300,4800,Atos
Backend Developer,2300,7500,Dell Technologies
Backend Developer,2300,7500,TCS
Software Developer,2300,4800,SAP
Software Developer,2300,4800,Dell Technologies
Software Developer,2300,4800,Wipro
Backend Developer,2300,7500,Salesforce
Software Developer,2300,4800,VMware
Backend Developer,2300,7500,Intel
Software Developer,2300,4800,Google
Software Developer,2300,4800,Oracle
Software Developer,2300,4800,Oracle
Software Developer,2300,4800,Amazon
Software Developer,2300,4800,Amazon
Backend Developer,2300,7500,Eviden
Software Developer,2300,4800,IBM
Software Developer,2300,4800,Capgemini
Software Developer,2300,4800,Nokia
Software Developer,2300,4800,VMware
Backend Developer,2300,7500,Red Hat
Software Developer,2300,4800,ServiceNow
Backend Developer,2300,7500,Ericsson
Software Developer,2300,4800,Adobe
Backend Developer,2300,7500,VMware
Backend Developer,2300,7500,ServiceNow
Software Developer,2300,4800,SAP
Backend Developer,2300,7500,Nokia
Software Developer,2300,4800,Intel
Software Developer,2300,4800,SAP
Software Developer,2300,4800,Hewlett Packard
Software Developer,2300,4800,TCS
Backend Developer,2300,7500,Atos
Software Developer,2300,4800,Wipro
Backend Developer,2300,7500,VMware
Backend Developer,2300,7500,Capgemini
Backend Developer,2300,7500,Cisco
Backend Developer,2300,7500,TCS
Software Developer,2300,4800,Google
Software Developer,2300,4800,Microsoft
Software Developer,2300,4800,Apple
Backend Developer,2300,7500,Cisco
Software Developer,2300,4800,Dell Technologies
Software Developer,2300,4800,Ericsson
Software Developer,2300,4800,VMware
Software Developer,2300,4800,Ericsson
Software Developer,2300,4800,VMware
Backend Developer,2300,7500,Capgemini
Backend Developer,2300,7500,IBM
Backend Developer,2300,7500,Cognizant
Software Developer,2300,4800,Hitachi
Backend Developer,2300,7500,Cognizant
Software Developer,2300,4800,Nokia
Backend Developer,2300,7500,Wipro
Backend Developer,2300,7500,SAP
Backend Developer,2300,7500,DXC Technology
Backend Developer,2300,7500,TCS
Backend Developer,2300,7500,LG Electronics
Software Developer,2300,4800,Salesforce
Backend Developer,2300,7500,Accenture
Software Developer,2300,4800,IBM
Backend Developer,2300,7500,Cisco
Software Developer,2300,4800,SAP
Software Developer,2300,4800,Oracle
Software Developer,2300,4800,Eviden
Backend Developer,2300,7500,Dell Technologies
Backend Developer,2300,7500,SAP
Software Developer,2300,4800,Dell Technologies
Backend Developer,2300,7500,SAP
Backend Developer,2300,7500,SAP
Backend Developer,2300,7500,Eviden
Backend Developer,2300,7500,DXC Technology
Backend Developer,2300,7500,Amazon
Software Developer,2300,4800,Cisco
Backend Developer,2300,7500,Oracle
Backend Developer,2300,7500,Intel
Software Developer,2300,4800,Apple
Backend Developer,2300,7500,Accenture
Backend Developer,2300,7500,Salesforce
Software Developer,2300,4800,Eviden
Software Developer,2300,4800,Fujitsu
Backend Developer,2300,7500,Apple
Software Developer,2300,4800,VMware
Software Developer,2300,4800,Google
Backend Developer,2300,7500,IBM
Backend Developer,2300,7500,Hitachi
Software Developer,2300,4800,ServiceNow
Software Developer,2300,4800,LG Electronics
Backend Developer,2300,7500,LG Electronics
Software Developer,2300,4800,Ericsson
Frontend Developer,2200,5700,SAP
Frontend Developer,2200,5700,ServiceNow
Frontend Developer,2200,5700,Dell Technologies
Frontend Developer,2200,5700,Capgemini
Frontend Developer,2200,5700,VMware
Frontend Developer,2200,5700,Cisco
Frontend Developer,2200,5700,ServiceNow
Frontend Developer,2200,5700,Intel
Frontend Developer,2200,5700,Atos
Frontend Developer,2200,5700,Intel
Frontend Developer,2200,5700,VMware
Frontend Developer,2200,5700,Wipro
Frontend Developer,2200,5700,LG Electronics
Frontend Developer,2200,5700,ServiceNow
Frontend Developer,2200,5700,Adobe
Frontend Developer,2200,5700,Hitachi
Frontend Developer,2200,5700,NTT Data
Frontend Developer,2200,5700,Microsoft
Frontend Developer,2200,5700,Ericsson
Frontend Developer,2200,5700,Capgemini
Frontend Developer,2200,5700,Google
Frontend Developer,2200,5700,Red Hat
Frontend Developer,2200,5700,Red Hat
Frontend Developer,2200,5700,VMware
Frontend Developer,2200,5700,VMware
Frontend Developer,2200,5700,Cisco
Frontend Developer,2200,5700,Wipro
Frontend Developer,2200,5700,Ericsson
Frontend Developer,2200,5700,Capgemini
Frontend Developer,2200,5700,Nokia
Frontend Developer,2200,5700,Apple
Frontend Developer,2200,5700,IBM
Frontend Developer,2200,5700,Google
Frontend Developer,2200,5700,Hitachi
Frontend Developer,2200,5700,Red Hat
Frontend Developer,2200,5700,SAP
Frontend Developer,2200,5700,Google
Frontend Developer,2200,5700,Hitachi
Frontend Developer,2200,5700,Capgemini
Frontend Developer,2200,5700,Dell Technologies
Frontend Developer,2200,5700,Red Hat
Frontend Developer,2200,5700,Capgemini
Frontend Developer,2200,5700,Amazon
Frontend Developer,2200,5700,Wipro
Frontend Developer,2200,5700,Apple
Frontend Developer,2200,5700,Amazon
Frontend Developer,2200,5700,NTT Data
Frontend Developer,2200,5700,Accenture
Frontend Developer,2200,5700,Red Hat
Frontend Developer,2200,5700,VMware
Frontend Developer,2200,5700,VMware
Frontend Developer,2200,5700,Hitachi
Frontend Developer,2200,5700,Capgemini
Frontend Developer,2200,5700,LG Electronics
Frontend Developer,2200,5700,DXC Technology
Frontend Developer,2200,5700,Infosys
Frontend Developer,2200,5700,DXC Technology
Frontend Developer,2200,5700,Accenture
Frontend Developer,2200,5700,TCS
Frontend Developer,2200,5700,Microsoft
Frontend Developer,2200,5700,Hewlett Packard
Frontend Developer,2200,5700,Oracle
Frontend Developer,2200,5700,Wipro
Frontend Developer,2200,5700,SAP
Frontend Developer,2200,5700,Atos
Frontend Developer,2200,5700,SAP
Frontend Developer,2200,5700,Dell Technologies
Frontend Developer,2200,5700,Amazon
Frontend Developer,2200,5700,Google
Frontend Developer,2200,5700,Red Hat
Frontend Developer,2200,5700,Ericsson
Frontend Developer,2200,5700,IBM
Frontend Developer,2200,5700,Cisco
Frontend Developer,2200,5700,Atos
Frontend Developer,2200,5700,Adobe
Frontend Developer,2200,5700,TCS
Frontend Developer,2200,5700,Nokia
Frontend Developer,2200,5700,Red Hat
Frontend Developer,2200,5700,ServiceNow
Frontend Developer,2200,5700,Cisco
Frontend Developer,2200,5700,TCS
Frontend Developer,2200,5700,DXC Technology
Frontend Developer,2200,5700,Capgemini
Frontend Developer,2200,5700,Wipro
Frontend Developer,2200,5700,Ericsson
Frontend Developer,2200,5700,VMware
Frontend Developer,2200,5700,Hitachi
Frontend Developer,2200,5700,SAP
Frontend Developer,2200,5700,Ericsson
Frontend Developer,2200,5700,Accenture
Frontend Developer,2200,5700,Cisco
Frontend Developer,2200,5700,Oracle
Frontend Developer,2200,5700,Adobe
Frontend Developer,2200,5700,Hewlett Packard
Frontend Developer,2200,5700,Dell Technologies
