JOB_TITLE,FIRST_NAME,LAST_NAME,SALARY_MAX
Software Developer,Amanda,Richardson,9500
System Engineer,David,Cross,9500
System Engineer,William,Harris,9500
Backend Developer,Jamie,Harrison,9500
Full Stack Developer,James,Hernandez,10000
Backend Developer,Gregory,Jacobs,9500
System Engineer,Denise,Avila,9500
Software Developer,Steve,Rodriguez,9500
System Engineer,Heidi,Lopez,9500
Software Developer,Kimberly,Lane,9500
System Engineer,Andrew,Paul,9500
System Engineer,Rachel,Perry,9500
Software Developer,Robin,Pierce,9500
Full Stack Developer,Janet,Velazquez,10000
Backend Developer,Kelly,Sullivan,9500
Full Stack Developer,Joseph,Moore,10000
DevOps Engineer,Karen,Valentine,9500
Full Stack Developer,Andrew,Garcia,10000
Backend Developer,Mark,Smith,9500
Full Stack Developer,Tamara,Stevens,10000
Software Developer,Ashley,Duncan,9500
System Engineer,Jeremy,Barajas,9500
System Engineer,Judith,Saunders,9500
Full Stack Developer,Caleb,Williams,10000
Backend Developer,Kevin,Johnson,9500
Full Stack Developer,Bryan,Griffin,10000
System Engineer,Daniel,Davenport,9500
Backend Developer,Ryan,Gilbert,9500
Backend Developer,Kyle,Lang,9500
Software Developer,Andrea,Griffin,9500
DevOps Engineer,Stephen,Rios,9500
Software Developer,Denise,Ray,9500
Full Stack Developer,Robert,Carter,10000
Software Developer,James,Luna,9500
Full Stack Developer,Heather,Hampton,10000
DevOps Engineer,Barbara,Garcia,9500
DevOps Engineer,Jordan,Hardin,9500
DevOps Engineer,Michael,Fox,9500
Software Developer,Justin,Figueroa,9500
Full Stack Developer,Shaun,Santos,10000
Backend Developer,Christine,Nelson,9500
System Engineer,William,Sanchez,9500
DevOps Engineer,Kimberly,Cochran,9500
System Engineer,Joshua,Stone,9500
Full Stack Developer,Scott,Harris,10000
Software Developer,Adam,Wilson,9500
Backend Developer,Richard,Shah,9500
DevOps Engineer,Ricardo,Watson,9500
Full Stack Developer,Margaret,Lutz,10000
Software Developer,Cory,Velasquez,9500
Full Stack Developer,Kevin,Sanchez,10000
DevOps Engineer,Heather,Hamilton,9500
Backend Developer,John,Cruz,9500
Backend Developer,Edward,Clark,9500
Backend Developer,David,Lindsey,9500
Software Developer,Tiffany,Jackson,9500
Backend Developer,Jessica,Cochran,9500
Software Developer,Susan,Cameron,9500
Backend Developer,Allison,Collins,9500
DevOps Engineer,Rebecca,Miller,9500
System Engineer,Daniel,Gross,9500
System Engineer,Brittany,Gordon,9500
DevOps Engineer,Kelly,Page,9500
System Engineer,Joshua,Hunt,9500
Backend Developer,Vicki,Sutton,9500
Full Stack Developer,Matthew,Aguilar,10000
DevOps Engineer,Angela,Ward,9500
DevOps Engineer,Shane,Sullivan,9500
Backend Developer,Karen,Porter,9500
System Engineer,Joseph,Sullivan,9500
Software Developer,Brian,Delgado,9500
DevOps Engineer,Jimmy,Scott,9500
Software Developer,Kristen,King,9500
Backend Developer,Scott,Mcdonald,9500
Software Developer,Christina,Allen,9500
Full Stack Developer,Andrew,Sherman,10000
Software Developer,Steve,Hines,9500
System Engineer,Brittney,Martin,9500
Backend Developer,Renee,Perkins,9500
Full Stack Developer,Andre,Briggs,10000
Software Developer,Erin,Thompson,9500
System Engineer,Daniel,Ferguson,9500
Full Stack Developer,Melissa,Perry,10000
System Engineer,Anne,Barr,9500
System Engineer,David,Heath,9500
Backend Developer,Ryan,Sherman,9500
DevOps Engineer,Michaela,Bird,9500
Backend Developer,Donald,Conley,9500
System Engineer,Loretta,Walker,9500
DevOps Engineer,Lee,Anderson,9500
Full Stack Developer,Teresa,Ford,10000
System Engineer,Shirley,Larson,9500
System Engineer,Jennifer,Villarreal,9500
System Engineer,Andrew,Robles,9500
Full Stack Developer,Joshua,Pennington,10000
Backend Developer,Jasmine,Nguyen,9500
Software Developer,Julie,Stark,9500
Full Stack Developer,Steven,Ibarra,10000
Backend Developer,Tammy,Foley,9500
Backend Developer,Mark,Perry,9500
Software Developer,Brian,Davidson,9500
DevOps Engineer,Kyle,Gill,9500
Backend Developer,Vanessa,May,9500
Software Developer,Lisa,Gonzales,9500
DevOps Engineer,Paul,Melton,9500
Backend Developer,Debbie,Reed,9500
DevOps Engineer,Kevin,Foster,9500
Backend Developer,William,Gilbert,9500
DevOps Engineer,Eric,Gardner,9500
Backend Developer,Maurice,Phillips,9500
DevOps Engineer,Paul,Stevens,9500
DevOps Engineer,Sarah,Jimenez,9500
Backend Developer,Dustin,Daniel,9500
System Engineer,Tamara,Tate,9500
Software Developer,John,Shannon,9500
DevOps Engineer,Adam,Boone,9500
System Engineer,Travis,Vasquez,9500
DevOps Engineer,Jon,Webb,9500
Software Developer,Jennifer,Flores,9500
DevOps Engineer,Susan,Mcconnell,9500
Backend Developer,Joshua,Riddle,9500
Backend Developer,Todd,Vincent,9500
DevOps Engineer,Michael,Gallagher,9500
System Engineer,Robert,Payne,9500
System Engineer,Zachary,Donovan,9500
DevOps Engineer,Kristi,Brown,9500
DevOps Engineer,Charles,Scott,9500
Full Stack Developer,Victoria,Beck,10000
Software Developer,Linda,Barrett,9500
Backend Developer,Brittany,Rodriguez,9500
Full Stack Developer,Eugene,Wright,10000
DevOps Engineer,Michelle,Graham,9500
Backend Developer,Keith,Butler,9500
System Engineer,Brenda,Gonzales,9500
Full Stack Developer,Andrea,Good,10000
Full Stack Developer,Debra,Foster,10000
Full Stack Developer,Michael,Downs,10000
Backend Developer,Daniel,Roberts,9500
Software Developer,Denise,Curtis,9500
System Engineer,Sandra,Parker,9500
Backend Developer,Paul,Hendrix,9500
Full Stack Developer,Francisco,Houston,10000
DevOps Engineer,Dana,Bell,9500
Backend Developer,Robert,Morris,9500
Full Stack Developer,Scott,Herrera,10000
System Engineer,Michael,Gillespie,9500
Software Developer,Bonnie,Davis,9500
Full Stack Developer,Jeffrey,Hawkins,10000
Full Stack Developer,Jeffrey,Brooks,10000
Full Stack Developer,Michael,Jones,10000
DevOps Engineer,Mary,Day,9500
DevOps Engineer,Troy,Kelly,9500
System Engineer,Elizabeth,Lyons,9500
Software Developer,Rhonda,Berry,9500
Backend Developer,Michael,Warner,9500
Full Stack Developer,Jack,Hughes,10000
Full Stack Developer,Michelle,Santos,10000
System Engineer,Bonnie,Rivera,9500
System Engineer,James,Blake,9500
Software Developer,Robert,Cabrera,9500
System Engineer,Jared,Smith,9500
Software Developer,Katrina,Ramos,9500
DevOps Engineer,William,Henderson,9500
System Engineer,Candice,Taylor,9500
System Engineer,Melissa,Mcfarland,9500
DevOps Engineer,Lindsey,Joseph,9500
DevOps Engineer,Brandon,Terrell,9500
Backend Developer,Donald,Kane,9500
Full Stack Developer,Edward,Adams,10000
DevOps Engineer,Stephen,Patel,9500
System Engineer,Leah,Walker,9500
Software Developer,Michael,Johnson,9500
System Engineer,Harry,Cline,9500
DevOps Engineer,Ryan,Coffey,9500
DevOps Engineer,William,Jenkins,9500
Backend Developer,John,Cole,9500
DevOps Engineer,Jonathon,Craig,9500
System Engineer,Sara,Perry,9500
Backend Developer,Juan,Jones,9500
Full Stack Developer,Kyle,Cook,10000
Software Developer,Kelsey,Mccormick,9500
Full Stack Developer,Robert,Fitzgerald,10000
Backend Developer,Patricia,Evans,9500
Software Developer,Katie,Campbell,9500
Software Developer,Casey,Wolfe,9500
Backend Developer,Joseph,Flores,9500
Software Developer,Angela,White,9500
Full Stack Developer,Stephanie,Ford,10000
Backend Developer,George,Thompson,9500
Backend Developer,James,Willis,9500
Software Developer,Shannon,Allen,9500
Backend Developer,James,Sanders,9500
Full Stack Developer,John,Anderson,10000
Software Developer,Margaret,Baird,9500
Backend Developer,Robert,Bell,9500
System Engineer,Keith,Porter,9500
Software Developer,Michael,Riley,9500
Backend Developer,William,Garza,9500
Software Developer,Heather,Coleman,9500
Full Stack Developer,Cindy,Mclaughlin,10000
Backend Developer,Willie,Garcia,9500
Backend Developer,Melinda,Dunn,9500
System Engineer,Sonia,Fleming,9500
Backend Developer,Michael,Tucker,9500
Full Stack Developer,Richard,Cox,10000
Software Developer,Margaret,Smith,9500
DevOps Engineer,Matthew,Rogers,9500
Software Developer,Jennifer,Garcia,9500
DevOps Engineer,Sharon,Williams,9500
System Engineer,Jessica,Webb,9500
Backend Developer,Caitlin,Jacobs,9500
Software Developer,Amy,Matthews,9500
Full Stack Developer,Ian,Schwartz,10000
System Engineer,Kurt,Collins,9500
Backend Developer,Carol,Anderson,9500
System Engineer,Jennifer,Norris,9500
System Engineer,Jonathan,Santos,9500
System Engineer,Steve,Ross,9500
DevOps Engineer,Matthew,Gomez,9500
Software Developer,Rebecca,Burnett,9500
Full Stack Developer,Donna,Scott,10000
System Engineer,Melissa,Davis,9500
System Engineer,Stephanie,Howard,9500
Software Developer,Monica,Sanchez,9500
System Engineer,Alisha,Gutierrez,9500
Full Stack Developer,Rachel,Woodard,10000
Backend Developer,Sara,Simmons,9500
Backend Developer,Jessica,Contreras,9500
Software Developer,Brian,Dixon,9500
System Engineer,Susan,Armstrong,9500
DevOps Engineer,Karen,Bell,9500
Full Stack Developer,Felicia,Oliver,10000
DevOps Engineer,Joseph,Vance,9500
Software Developer,Larry,Colon,9500
Software Developer,Cynthia,Jennings,9500
Full Stack Developer,Donald,Todd,10000
Full Stack Developer,Victoria,Mcintyre,10000
Full Stack Developer,Erika,Lopez,10000
DevOps Engineer,Kimberly,Villarreal,9500
System Engineer,Steven,Porter,9500
Software Developer,Cheryl,Mason,9500
Backend Developer,Jason,Morales,9500
DevOps Engineer,Stephanie,Cox,9500
Full Stack Developer,Heather,Allen,10000
Software Developer,Thomas,Schmidt,9500
System Engineer,Richard,White,9500
Software Developer,Robert,Heath,9500
Backend Developer,Barbara,Davis,9500
Software Developer,Megan,Watts,9500
Full Stack Developer,Danny,Hardy,10000
Full Stack Developer,James,Peters,10000
DevOps Engineer,Michael,Tran,9500
Backend Developer,Eric,Walters,9500
System Engineer,Daniel,Smith,9500
Backend Developer,Zachary,Blevins,9500
Full Stack Developer,Lisa,Bean,10000
System Engineer,Jared,Mercado,9500
DevOps Engineer,Michele,Colon,9500
Full Stack Developer,Penny,Williams,10000
DevOps Engineer,Stacey,Thomas,9500
Software Developer,Leon,Price,9500
System Engineer,Paul,Wilcox,9500
Software Developer,Tiffany,Eaton,9500
Software Developer,Dylan,Morris,9500
Full Stack Developer,Michelle,James,10000
Software Developer,Victoria,Fox,9500
System Engineer,Amy,Hardy,9500
System Engineer,Jessica,Glover,9500
Software Developer,Katherine,Mendoza,9500
System Engineer,Nathan,Wilkinson,9500
DevOps Engineer,Kelsey,Clark,9500
System Engineer,Thomas,May,9500
Software Developer,Barbara,Clements,9500
DevOps Engineer,Nathan,Soto,9500
Full Stack Developer,Sandra,Jones,10000
Software Developer,Robert,Hernandez,9500
Software Developer,Kurt,Smith,9500
System Engineer,Brooke,Robbins,9500
Software Developer,Ryan,Munoz,9500
DevOps Engineer,David,King,9500
DevOps Engineer,John,Braun,9500
System Engineer,Eric,Sanchez,9500
Full Stack Developer,Dawn,Flores,10000
Software Developer,James,Gallagher,9500
DevOps Engineer,Randy,Simmons,9500
Backend Developer,Nancy,Reed,9500
Software Developer,Ana,Jefferson,9500
Full Stack Developer,Denise,Roberts,10000
Software Developer,Autumn,Peck,9500
DevOps Engineer,Scott,Yates,9500
Software Developer,Mark,Ortiz,9500
Software Developer,Aaron,Ayala,9500
Full Stack Developer,Tina,Gibson,10000
Backend Developer,Sarah,Watson,9500
System Engineer,Michael,Waller,9500
Backend Developer,Marco,Barton,9500
Software Developer,Daniel,White,9500
Backend Developer,William,Lopez,9500
Full Stack Developer,James,Kane,10000
Full Stack Developer,Tiffany,Foster,10000
Backend Developer,Juan,Mccormick,9500
Backend Developer,Jason,Ortiz,9500
Full Stack Developer,Theresa,Smith,10000
DevOps Engineer,Autumn,Cross,9500
Full Stack Developer,Angel,Rogers,10000
Backend Developer,Kristen,Gomez,9500
System Engineer,James,Rogers,9500
System Engineer,Christopher,Mueller,9500
DevOps Engineer,James,Dorsey,9500
Full Stack Developer,Jerry,Torres,10000
Software Developer,Theresa,Williams,9500
DevOps Engineer,Chase,Allen,9500
System Engineer,James,Strickland,9500
Backend Developer,Rebecca,Hansen,9500
Backend Developer,Hunter,Hunter,9500
Software Developer,Lauren,Gay,9500
DevOps Engineer,Jessica,Fisher,9500
Software Developer,Daniel,Swanson,9500
Full Stack Developer,Randall,Williams,10000
Software Developer,Kristin,Todd,9500
Backend Developer,Matthew,Dixon,9500
Full Stack Developer,Brandi,Jordan,10000
DevOps Engineer,Mitchell,Reyes,9500
Full Stack Developer,Jeffrey,Dominguez,10000
System Engineer,Mary,Price,9500
Software Developer,Jennifer,Hardy,9500
Software Developer,Xavier,Willis,9500
Full Stack Developer,Jennifer,Larson,10000
System Engineer,Linda,Gonzalez,9500
Full Stack Developer,Thomas,Contreras,10000
Software Developer,Aaron,Berg,9500
Backend Developer,Carrie,Wilson,9500
System Engineer,Travis,Scott,9500
Backend Developer,Jessica,Torres,9500
Backend Developer,Ashley,Silva,9500
Backend Developer,Brittany,Guzman,9500
Backend Developer,James,Jones,9500
Full Stack Developer,Tyler,Wells,10000
Backend Developer,Garrett,Young,9500
Full Stack Developer,Donna,Burns,10000
Backend Developer,Crystal,Rivera,9500
Full Stack Developer,Randall,Johnson,10000
System Engineer,David,Hodge,9500
DevOps Engineer,Zachary,Lindsey,9500
Software Developer,Albert,Morales,9500
System Engineer,Ashley,Maynard,9500
Software Developer,Todd,Williams,9500
Full Stack Developer,Crystal,Ochoa,10000
Backend Developer,Richard,Patterson,9500
Full Stack Developer,Christopher,Gonzalez,10000
Software Developer,Spencer,Leonard,9500
Backend Developer,Wyatt,Huffman,9500
Software Developer,Janice,Schroeder,9500
System Engineer,Christina,Brown,9500
Software Developer,Randy,Chen,9500
DevOps Engineer,Eric,Nelson,9500
System Engineer,John,Moreno,9500
DevOps Engineer,Mark,Fletcher,9500
DevOps Engineer,Steven,Cooke,9500
DevOps Engineer,Jonathan,White,9500
System Engineer,Micheal,Gates,9500
DevOps Engineer,Jon,Thompson,9500
System Engineer,Kristen,Burch,9500
System Engineer,John,Dixon,9500
System Engineer,Catherine,Wilson,9500
System Engineer,April,Brown,9500
Backend Developer,Danielle,Crawford,9500
Backend Developer,Dylan,Oliver,9500
Backend Developer,Michael,Davis,9500
DevOps Engineer,Marvin,Spears,9500
Full Stack Developer,Alan,Howard,10000
Full Stack Developer,Ashley,Hanson,10000
Backend Developer,Savannah,Miller,9500
DevOps Engineer,Rachael,Williams,9500
Full Stack Developer,Brian,Peterson,10000
Backend Developer,Taylor,Wood,9500
Full Stack Developer,Jeff,Kim,10000
Software Developer,Shawn,Taylor,9500
Full Stack Developer,Robert,James,10000
DevOps Engineer,Brian,Howard,9500
Backend Developer,Ronnie,Ortiz,9500
Full Stack Developer,Craig,Gill,10000
Software Developer,Ashley,Whitehead,9500
System Engineer,Kathy,Dillon,9500
System Engineer,Joseph,Davis,9500
System Engineer,Lacey,Bowen,9500
System Engineer,Matthew,Roberson,9500
Full Stack Developer,Alexandra,Sanchez,10000
DevOps Engineer,Lauren,Taylor,9500
DevOps Engineer,April,Reed,9500
Full Stack Developer,Cynthia,Rodriguez,10000
Software Developer,Jerry,Sweeney,9500
Backend Developer,Christopher,Duncan,9500
Backend Developer,Thomas,Bell,9500
Full Stack Developer,Brian,Herrera,10000
Full Stack Developer,Jerry,Miller,10000
Full Stack Developer,Matthew,Rogers,10000
DevOps Engineer,Barry,Wall,9500
DevOps Engineer,Keith,Medina,9500
DevOps Engineer,Nicole,Cook,9500
Backend Developer,Robin,Lopez,9500
DevOps Engineer,Peter,Wright,9500
Full Stack Developer,Andrea,Long,10000
Full Stack Developer,Sarah,Sandoval,10000
Full Stack Developer,Megan,Paul,10000
System Engineer,Samantha,Jackson,9500
System Engineer,Michael,Jackson,9500
DevOps Engineer,Elizabeth,Campbell,9500
DevOps Engineer,Daniel,Conley,9500
DevOps Engineer,Tammy,Anthony,9500
Backend Developer,Kenneth,Arnold,9500
System Engineer,Christopher,Reed,9500
Software Developer,Nicholas,Freeman,9500
DevOps Engineer,Kevin,Weaver,9500
System Engineer,Jackie,Wood,9500
System Engineer,Michelle,Smith,9500
Backend Developer,Michele,Jones,9500
Backend Developer,Sarah,Brooks,9500
Software Developer,Angela,Nguyen,9500
Full Stack Developer,John,Barber,10000
System Engineer,Dakota,Savage,9500
DevOps Engineer,Amy,Bell,9500
DevOps Engineer,Alicia,George,9500
Full Stack Developer,Victor,Briggs,10000
DevOps Engineer,Shannon,Melendez,9500
Software Developer,Joyce,Sanchez,9500
Backend Developer,Kathryn,Davidson,9500
System Engineer,Destiny,Reynolds,9500
DevOps Engineer,Reginald,Frazier,9500
DevOps Engineer,Ronnie,Gilbert,9500
Full Stack Developer,Benjamin,Nguyen,10000
DevOps Engineer,Rachel,Faulkner,9500
DevOps Engineer,Miranda,Jones,9500
Backend Developer,Christopher,Sherman,9500
Full Stack Developer,Alvin,Lynch,10000
Software Developer,Tonya,Edwards,9500
Software Developer,Sandra,Huerta,9500
System Engineer,Alexandra,Skinner,9500
Full Stack Developer,Molly,Thomas,10000
DevOps Engineer,Haley,Green,9500
System Engineer,Thomas,Gonzalez,9500
Backend Developer,Michelle,Lopez,9500
System Engineer,Luis,Lee,9500
Backend Developer,Ariel,Hardy,9500
Software Developer,Daniel,Cunningham,9500
Software Developer,Sandra,Johnson,9500
Software Developer,Marie,Parrish,9500
Software Developer,Peter,Pena,9500
Software Developer,Shaun,Jennings,9500
Backend Developer,Jon,Collins,9500
System Engineer,Danny,Nguyen,9500
DevOps Engineer,Alexa,Rios,9500
System Engineer,Julie,Hooper,9500
Software Developer,Alison,Boyd,9500
DevOps Engineer,Thomas,Rodriguez,9500
Software Developer,James,Rodriguez,9500
System Engineer,Antonio,Miller,9500
Full Stack Developer,Mark,Hoffman,10000
System Engineer,Kelsey,Lee,9500
System Engineer,Rhonda,Anderson,9500
Backend Developer,Tyler,Poole,9500
Backend Developer,Jennifer,Armstrong,9500
Backend Developer,Maurice,Mckenzie,9500
Full Stack Developer,Patricia,Fuentes,10000
DevOps Engineer,Edward,Snyder,9500
System Engineer,Nathan,Williams,9500
DevOps Engineer,William,George,9500
System Engineer,Haley,Long,9500
DevOps Engineer,Justin,Tate,9500
Full Stack Developer,Linda,May,10000
Full Stack Developer,Michael,Swanson,10000
Full Stack Developer,Tanner,Sexton,10000
Backend Developer,Kimberly,Shaw,9500
DevOps Engineer,Julia,Russo,9500
Full Stack Developer,Bonnie,Smith,10000
Full Stack Developer,Taylor,Webster,10000
Backend Developer,Dale,Mclaughlin,9500
Software Developer,Trevor,Bailey,9500
Software Developer,James,Rogers,9500
Full Stack Developer,Melissa,Thompson,10000
Backend Developer,Matthew,Allen,9500
Software Developer,Lindsey,Green,9500
DevOps Engineer,Shelby,Jones,9500
Backend Developer,Joe,Whitehead,9500
Full Stack Developer,Peter,Montoya,10000
DevOps Engineer,Jessica,Nunez,9500
DevOps Engineer,Amanda,Mclaughlin,9500
System Engineer,Heather,Daniels,9500
System Engineer,Lori,Miller,9500
System Engineer,Marisa,Randall,9500
Backend Developer,Patricia,Wilson,9500
Software Developer,Tammy,Page,9500
DevOps Engineer,Robin,Rowland,9500
Software Developer,Ashley,Burgess,9500
Software Developer,Christopher,Choi,9500
Software Developer,Andrew,Young,9500
Backend Developer,Elizabeth,Bishop,9500
Full Stack Developer,Laura,Mccormick,10000
Software Developer,Shelly,Hill,9500
Full Stack Developer,Brandon,Walter,10000
Backend Developer,David,Murphy,9500
Backend Developer,Justin,Moreno,9500
Backend Developer,Sandra,Diaz,9500
Backend Developer,Jimmy,Gray,9500
Full Stack Developer,Ashley,Gates,10000
System Engineer,Michelle,Wu,9500
Software Developer,Mason,Johnson,9500
Software Developer,James,Kennedy,9500
DevOps Engineer,Julia,Burnett,9500
System Engineer,David,Flores,9500
System Engineer,Jennifer,Harrison,9500
System Engineer,Jon,Scott,9500
DevOps Engineer,Beth,Estrada,9500
Full Stack Developer,David,Parks,10000
Backend Developer,Kevin,Turner,9500
DevOps Engineer,Sandra,Kelley,9500
Software Developer,Karl,Ortiz,9500
Full Stack Developer,Aaron,Moore,10000
DevOps Engineer,Suzanne,Ramirez,9500
DevOps Engineer,Kevin,Nelson,9500
Software Developer,Tim,Lin,9500
Full Stack Developer,Diane,Duarte,10000
DevOps Engineer,Timothy,Gray,9500
Full Stack Developer,Katie,Smith,10000
System Engineer,Renee,Byrd,9500
DevOps Engineer,Alicia,Miller,9500
System Engineer,Michelle,Meyers,9500
Full Stack Developer,Francisco,Moses,10000
System Engineer,Kimberly,Jennings,9500
Full Stack Developer,William,Garcia,10000
System Engineer,Tanya,Garcia,9500
Full Stack Developer,Gail,Cruz,10000
DevOps Engineer,Heather,Wright,9500
Backend Developer,Zachary,Wolf,9500
Software Developer,Katie,Zimmerman,9500
Backend Developer,Breanna,Green,9500
System Engineer,Jonathan,King,9500
System Engineer,Katherine,Murphy,9500
Backend Developer,Mary,Graham,9500
Backend Developer,William,Holland,9500
Software Developer,Michael,Lester,9500
DevOps Engineer,John,Hart,9500
Backend Developer,Rhonda,Davis,9500
DevOps Engineer,Jodi,Green,9500
Full Stack Developer,Amy,Johnson,10000
System Engineer,Jason,Nolan,9500
System Engineer,Tracy,Carter,9500
Software Developer,Julie,Munoz,9500
Software Developer,Matthew,Carson,9500
Software Developer,Elizabeth,Gordon,9500
Full Stack Developer,Angela,Johnson,10000
Backend Developer,Jacqueline,Williams,9500
DevOps Engineer,Stephen,Johnson,9500
DevOps Engineer,Scott,Johnson,9500
Full Stack Developer,Shawn,Smith,10000
System Engineer,Daniel,Warren,9500
Backend Developer,Daniel,Taylor,9500
Software Developer,Elizabeth,Gutierrez,9500
Backend Developer,Cassie,Davis,9500
DevOps Engineer,Joseph,Stone,9500
Software Developer,Molly,Foster,9500
Software Developer,Denise,Beasley,9500
Backend Developer,Michelle,Sanchez,9500
Software Developer,Amanda,Hoffman,9500
Full Stack Developer,Robert,Hall,10000
Software Developer,Stephanie,Wright,9500
DevOps Engineer,Kim,Duarte,9500
Software Developer,Susan,Tran,9500
Full Stack Developer,Robert,Aguirre,10000
Software Developer,Stacy,Davis,9500
DevOps Engineer,Michael,Johnson,9500
System Engineer,Dominic,Estrada,9500
Software Developer,Jonathan,Singleton,9500
Backend Developer,Ryan,Moore,9500
System Engineer,Mark,Hodge,9500
Backend Developer,Morgan,Collins,9500
Full Stack Developer,Brandon,Anderson,10000
Software Developer,Amy,Bishop,9500
DevOps Engineer,Meagan,Porter,9500
Full Stack Developer,Andrew,Morgan,10000
Software Developer,Denise,Edwards,9500
Software Developer,Zachary,Torres,9500
Full Stack Developer,Jeffrey,Douglas,10000
Full Stack Developer,Frank,Reyes,10000
Software Developer,Daniel,Nash,9500
Full Stack Developer,Tiffany,Williams,10000
Software Developer,Louis,Lucas,9500
Software Developer,James,Burke,9500
Software Developer,Adam,Flores,9500
System Engineer,Jose,Williams,9500
DevOps Engineer,Annette,Willis,9500
System Engineer,Bryan,Padilla,9500
Full Stack Developer,Brenda,Clark,10000
Full Stack Developer,Andrew,Maldonado,10000
Backend Developer,Arthur,Bowman,9500
DevOps Engineer,Natalie,Moore,9500
System Engineer,Thomas,Bean,9500
DevOps Engineer,Michael,Allen,9500
DevOps Engineer,Brittney,Ruiz,9500
DevOps Engineer,Dylan,Wilson,9500
DevOps Engineer,Christopher,Hanson,9500
Backend Developer,Robert,Day,9500
Full Stack Developer,Benjamin,Evans,10000
Backend Developer,Scott,Walter,9500
DevOps Engineer,David,Boone,9500
Software Developer,Gabriel,Schneider,9500
System Engineer,Philip,Johnston,9500
DevOps Engineer,Anna,Conner,9500
Software Developer,Brandon,Rivera,9500
Full Stack Developer,Sarah,Williamson,10000
DevOps Engineer,James,Kaufman,9500
System Engineer,Sara,Coleman,9500
Full Stack Developer,Jasmine,Guzman,10000
DevOps Engineer,Danny,Johnson,9500
DevOps Engineer,George,Cooke,9500
Backend Developer,Vicki,Hendrix,9500
DevOps Engineer,Wayne,Bell,9500
System Engineer,Nancy,Alvarado,9500
Backend Developer,Jeremy,Banks,9500
System Engineer,Scott,Pena,9500
DevOps Engineer,Douglas,Flores,9500
Software Developer,Eileen,Walton,9500
Software Developer,John,Hughes,9500
System Engineer,David,Powell,9500
Backend Developer,Walter,Lee,9500
DevOps Engineer,Robert,Munoz,9500
DevOps Engineer,Christian,Patton,9500
Backend Developer,Stephanie,Davis,9500
Full Stack Developer,Catherine,Moore,10000
Software Developer,Lisa,Ramsey,9500
Software Developer,Jennifer,Simpson,9500
Software Developer,Linda,Thompson,9500
DevOps Engineer,Laura,Curtis,9500
Backend Developer,Veronica,Mendoza,9500
Backend Developer,Stephanie,Harris,9500
DevOps Engineer,William,Weaver,9500
Software Developer,Karen,Smith,9500
Full Stack Developer,Caroline,Leach,10000
Full Stack Developer,Crystal,Anderson,10000
Software Developer,Lori,Guerrero,9500
System Engineer,Julie,Simon,9500
DevOps Engineer,Karen,Francis,9500
Software Developer,Christine,Simmons,9500
Backend Developer,Maria,Sheppard,9500
DevOps Engineer,Sherry,Roberson,9500
Full Stack Developer,Alex,Hoffman,10000
System Engineer,Alexander,Parrish,9500
Full Stack Developer,Victoria,Cole,10000
Full Stack Developer,Jacqueline,Williams,10000
System Engineer,Frank,Daniels,9500
Full Stack Developer,Julie,Perez,10000
Software Developer,Kelly,Butler,9500
Backend Developer,Joseph,Wilcox,9500
Backend Developer,Tara,Pena,9500
Backend Developer,Charles,Johnson,9500
Full Stack Developer,David,Riley,10000
Full Stack Developer,Steven,Taylor,10000
System Engineer,Kelsey,Miller,9500
Full Stack Developer,Emily,Jones,10000
Full Stack Developer,Stephen,Manning,10000
System Engineer,Andre,Wheeler,9500
System Engineer,Howard,Carrillo,9500
Full Stack Developer,Joshua,Perez,10000
Backend Developer,Megan,Moore,9500
System Engineer,Ashley,Chapman,9500
Full Stack Developer,Dennis,Lopez,10000
System Engineer,Brent,Rivera,9500
Full Stack Developer,Gregory,Jackson,10000
Software Developer,Patrick,Brooks,9500
System Engineer,Alexander,Cross,9500
Backend Developer,David,Lopez,9500
DevOps Engineer,James,Atkinson,9500
Software Developer,Matthew,Horton,9500
Backend Developer,Kara,Hall,9500
System Engineer,Sarah,Hamilton,9500
Software Developer,Allen,Lutz,9500
Full Stack Developer,Pamela,Jackson,10000
Software Developer,Chase,Marshall,9500
DevOps Engineer,Karen,Shea,9500
Full Stack Developer,Heather,Bishop,10000
DevOps Engineer,Alexis,Aguilar,9500
Software Developer,Michelle,Moore,9500
Full Stack Developer,Tiffany,Case,10000
Software Developer,Brett,White,9500
System Engineer,Sarah,Waller,9500
Full Stack Developer,Brent,Lopez,10000
System Engineer,Holly,Williams,9500
System Engineer,Alicia,Reeves,9500
Full Stack Developer,Amy,Henry,10000
Backend Developer,Aaron,Downs,9500
Backend Developer,Tanya,Williams,9500
Software Developer,Robert,Mitchell,9500
DevOps Engineer,Kim,Cummings,9500
Backend Developer,Stephen,Hamilton,9500
Backend Developer,Linda,Parker,9500
Software Developer,Sean,Neal,9500
Backend Developer,Lucas,Reid,9500
DevOps Engineer,Victoria,Mendoza,9500
DevOps Engineer,Wayne,Atkins,9500
DevOps Engineer,Robert,Burgess,9500
Software Developer,Sandra,Wallace,9500
Backend Developer,Levi,Johnson,9500
Full Stack Developer,Nichole,Nelson,10000
System Engineer,Janet,Garcia,9500
DevOps Engineer,Isaac,Pierce,9500
Backend Developer,Kimberly,Lopez,9500
Full Stack Developer,Teresa,Velasquez,10000
Software Developer,Cassandra,Green,9500
Backend Developer,Natalie,Rodriguez,9500
DevOps Engineer,Jessica,Brewer,9500
DevOps Engineer,Cole,Campbell,9500
Full Stack Developer,Matthew,Trevino,10000
DevOps Engineer,Loretta,Rivera,9500
System Engineer,Kevin,Ruiz,9500
Backend Developer,Adam,Adams,9500
System Engineer,Joseph,Burton,9500
Backend Developer,Brandon,Goodman,9500
DevOps Engineer,William,Underwood,9500
Software Developer,Tiffany,Smith,9500
Backend Developer,William,Palmer,9500
DevOps Engineer,Matthew,Anderson,9500
Full Stack Developer,Jessica,Wallace,10000
Backend Developer,Paul,Allen,9500
DevOps Engineer,David,Adams,9500
System Engineer,Jeffrey,Murphy,9500
Software Developer,Maria,Murray,9500
Software Developer,Jacob,Ross,9500
Backend Developer,Nicole,Cummings,9500
Full Stack Developer,Brian,Pearson,10000
Software Developer,Victor,Reyes,9500
DevOps Engineer,Angela,Gomez,9500
System Engineer,Zachary,Cochran,9500
System Engineer,Kelly,Martin,9500
System Engineer,Maureen,Bowman,9500
Backend Developer,Edward,Madden,9500
Backend Developer,Edward,Kerr,9500
System Engineer,Douglas,Brown,9500
Software Developer,David,Thomas,9500
System Engineer,Adam,Quinn,9500
Software Developer,Christopher,Bowen,9500
Full Stack Developer,Brittany,Bowers,10000
System Engineer,Robert,Lee,9500
Backend Developer,Jerome,Gordon,9500
Backend Developer,Richard,Martinez,9500
Software Developer,Joanne,Daniels,9500
Backend Developer,Jim,Peterson,9500
Full Stack Developer,Jose,Ruiz,10000
Backend Developer,Gabriel,Waters,9500
System Engineer,Robin,Rodriguez,9500
Backend Developer,Christopher,Valencia,9500
Backend Developer,Kristy,Lee,9500
System Engineer,Carl,Walls,9500
Full Stack Developer,Roberto,Knight,10000
Full Stack Developer,Daniel,Davis,10000
DevOps Engineer,Joseph,Anthony,9500
Backend Developer,David,Black,9500
Backend Developer,Sheryl,Huber,9500
Full Stack Developer,Cory,Wright,10000
DevOps Engineer,Melinda,Jackson,9500
System Engineer,Tyler,Austin,9500
Full Stack Developer,Debra,Jones,10000
DevOps Engineer,Colin,Hull,9500
Backend Developer,Alicia,Mullen,9500
Backend Developer,Ryan,Ward,9500
Software Developer,Rebecca,Smith,9500
Full Stack Developer,Maria,Smith,10000
DevOps Engineer,Jasmine,Rodriguez,9500
System Engineer,Nicholas,Lewis,9500
DevOps Engineer,Kimberly,Lopez,9500
Software Developer,Shawn,Williams,9500
Software Developer,Patricia,Holder,9500
Full Stack Developer,Travis,Schwartz,10000
Backend Developer,Steve,Manning,9500
System Engineer,Andrew,Gray,9500
DevOps Engineer,Stephanie,Stone,9500
Backend Developer,Joseph,Mcdowell,9500
Full Stack Developer,Becky,Hudson,10000
Backend Developer,Kimberly,Hill,9500
DevOps Engineer,Kenneth,Hahn,9500
Full Stack Developer,Glen,Mendez,10000
DevOps Engineer,Diane,Underwood,9500
Backend Developer,Daniel,Hartman,9500
Full Stack Developer,Jonathan,Johnson,10000
Software Developer,Mandy,Gillespie,9500
Software Developer,Lawrence,Maldonado,9500
Backend Developer,Deborah,Mason,9500
Full Stack Developer,Anthony,Williams,10000
Software Developer,Martha,Becker,9500
Software Developer,Robert,Morgan,9500
Backend Developer,Laura,Cruz,9500
Full Stack Developer,Lauren,Vargas,10000
Full Stack Developer,Christopher,Mcdaniel,10000
Software Developer,Jenna,Hall,9500
System Engineer,Austin,Pennington,9500
System Engineer,Rachel,Howell,9500
Software Developer,Jesse,Smith,9500
System Engineer,Debbie,Williams,9500
Software Developer,Barbara,Johnson,9500
Software Developer,Alexandra,Campbell,9500
DevOps Engineer,Kayla,Lyons,9500
System Engineer,Joseph,Long,9500
Full Stack Developer,Tina,Watkins,10000
System Engineer,Timothy,Russo,9500
Full Stack Developer,Amy,Lopez,10000
System Engineer,Edward,Huerta,9500
System Engineer,Curtis,Martin,9500
System Engineer,Tina,Brown,9500
DevOps Engineer,Lisa,Smith,9500
DevOps Engineer,Stephen,Martin,9500
Full Stack Developer,Joshua,Frazier,10000
System Engineer,Michael,Lewis,9500
DevOps Engineer,James,Myers,9500
System Engineer,Monica,Rodriguez,9500
DevOps Engineer,Mary,Gregory,9500
Software Developer,Megan,Pollard,9500
System Engineer,Andrew,Harmon,9500
Backend Developer,Amber,Diaz,9500
DevOps Engineer,Linda,Ramirez,9500
Software Developer,Derek,Rogers,9500
Backend Developer,Sonya,Roberts,9500
Software Developer,Billy,Combs,9500
DevOps Engineer,Catherine,White,9500
Software Developer,Maria,Guerrero,9500
DevOps Engineer,Alexandra,Reed,9500
DevOps Engineer,Lisa,Yoder,9500
Backend Developer,Elizabeth,Dixon,9500
Backend Developer,David,Alvarez,9500
Full Stack Developer,Bill,Gordon,10000
System Engineer,Scott,Mcneil,9500
Software Developer,Tracie,Robertson,9500
Backend Developer,Tyler,Jones,9500
Backend Developer,Mary,Rodriguez,9500
System Engineer,Christina,Guzman,9500
System Engineer,Austin,Owens,9500
System Engineer,Christopher,Adams,9500
Software Developer,Amy,Johnson,9500
Backend Developer,Maria,Martin,9500
Backend Developer,Joanna,Wright,9500
DevOps Engineer,Krista,Payne,9500
Backend Developer,Robert,Gonzales,9500
Software Developer,Christine,Greene,9500
DevOps Engineer,James,Moore,9500
System Engineer,Lance,George,9500
Software Developer,Justin,Williams,9500
Backend Developer,Christopher,Roth,9500
Software Developer,Charles,Vega,9500
System Engineer,Claire,Hudson,9500
Backend Developer,James,Miller,9500
Backend Developer,Jennifer,Lowe,9500
Software Developer,Jasmine,Perez,9500
DevOps Engineer,Kristina,Coleman,9500
Backend Developer,Crystal,Bowen,9500
Backend Developer,Joel,Steele,9500
Full Stack Developer,Nicholas,Ruiz,10000
System Engineer,Cathy,Brown,9500
DevOps Engineer,Bridget,Ho,9500
Backend Developer,Susan,Cochran,9500
DevOps Engineer,April,Thomas,9500
Full Stack Developer,Diana,Chambers,10000
System Engineer,Rebecca,Hubbard,9500
Backend Developer,Stephanie,Alvarado,9500
DevOps Engineer,Tyrone,Watson,9500
Software Developer,Alexa,Poole,9500
DevOps Engineer,Patrick,Reynolds,9500
System Engineer,Alicia,Coleman,9500
Software Developer,Brandon,Williams,9500
System Engineer,Amy,Castro,9500
Full Stack Developer,Michael,Meadows,10000
DevOps Engineer,Ryan,Schneider,9500
Software Developer,Andrea,Nichols,9500
Full Stack Developer,Dale,Burgess,10000
DevOps Engineer,Belinda,Newman,9500
System Engineer,Antonio,White,9500
Software Developer,Kristin,Harrell,9500
Full Stack Developer,Aaron,Lucas,10000
Backend Developer,Laura,Fletcher,9500
Backend Developer,Melissa,Richardson,9500
System Engineer,Pamela,Brown,9500
Software Developer,David,Anderson,9500
Software Developer,Mark,Rivas,9500
Full Stack Developer,Joseph,Franklin,10000
System Engineer,Curtis,Hudson,9500
Software Developer,Robert,Jackson,9500
Full Stack Developer,Brooke,Hernandez,10000
Software Developer,Gloria,Bautista,9500
System Engineer,Felicia,Pacheco,9500
Backend Developer,Angela,Camacho,9500
Backend Developer,Jeanette,Hart,9500
DevOps Engineer,Edward,Henson,9500
Backend Developer,Tina,Walker,9500
Software Developer,James,Todd,9500
System Engineer,Mark,Mullins,9500
System Engineer,Ronald,Perez,9500
DevOps Engineer,Sylvia,Powell,9500
DevOps Engineer,Amy,Dickerson,9500
Full Stack Developer,James,Tran,10000
System Engineer,Erin,Smith,9500
Software Developer,Rachel,Watson,9500
Backend Developer,Sharon,Perry,9500
System Engineer,Lisa,Patterson,9500
DevOps Engineer,Rose,Lopez,9500
DevOps Engineer,Darrell,Gilbert,9500
Software Developer,Kathryn,Gentry,9500
Full Stack Developer,Daniel,Morales,10000
System Engineer,Kimberly,Curtis,9500
Full Stack Developer,Christopher,Higgins,10000
Backend Developer,Grant,Smith,9500
Backend Developer,Jennifer,Liu,9500
DevOps Engineer,Jenna,Kelly,9500
Software Developer,Linda,Orr,9500
System Engineer,Matthew,Harrison,9500
Backend Developer,Mary,West,9500
Software Developer,Julie,Anderson,9500
DevOps Engineer,Jennifer,Cole,9500
Full Stack Developer,Joshua,Dennis,10000
Full Stack Developer,Kimberly,Nolan,10000
Software Developer,Emily,Wallace,9500
DevOps Engineer,Kristie,Madden,9500
Backend Developer,Janet,Campbell,9500
Backend Developer,Walter,Greer,9500
DevOps Engineer,Wendy,Collier,9500
System Engineer,Tristan,Wiggins,9500
Backend Developer,Yolanda,Jones,9500
Full Stack Developer,Julia,Murphy,10000
Full Stack Developer,Crystal,Gutierrez,10000
Software Developer,Amber,Anderson,9500
System Engineer,Amanda,Norris,9500
System Engineer,Michael,Reed,9500
DevOps Engineer,Anthony,Williams,9500
System Engineer,Angela,Thomas,9500
Backend Developer,Rodney,Carlson,9500
System Engineer,Christopher,Martin,9500
Full Stack Developer,Leah,Archer,10000
DevOps Engineer,Johnathan,Moore,9500
Software Developer,Leah,Johnson,9500
System Engineer,Tanya,Beard,9500
System Engineer,Megan,Day,9500
Software Developer,Ariel,Castro,9500
Software Developer,John,Marshall,9500
DevOps Engineer,Olivia,Wong,9500
DevOps Engineer,Connie,Chang,9500
Full Stack Developer,Barbara,Davis,10000
DevOps Engineer,Stephanie,Cruz,9500
Software Developer,Frank,Garcia,9500
Backend Developer,Nathaniel,Holder,9500
Full Stack Developer,Christopher,Schwartz,10000
Software Developer,Amy,Bowman,9500
DevOps Engineer,Brent,White,9500
System Engineer,Lisa,Henson,9500
Software Developer,Amy,Lowery,9500
System Engineer,Casey,Woods,9500
Full Stack Developer,Christopher,Thompson,10000
Full Stack Developer,Brian,Bowman,10000
DevOps Engineer,Shawn,Lucero,9500
Software Developer,Alyssa,Hess,9500
System Engineer,Timothy,Harris,9500
System Engineer,Rachel,Kelly,9500
DevOps Engineer,Suzanne,Smith,9500
Backend Developer,Melissa,Hall,9500
Software Developer,Daniel,Carroll,9500
DevOps Engineer,Sean,Ellis,9500
Backend Developer,Marc,Dalton,9500
Software Developer,Elizabeth,Thompson,9500
Full Stack Developer,Julie,Flores,10000
Full Stack Developer,Sarah,James,10000
Backend Developer,Tracy,Davenport,9500
Software Developer,Leah,Odom,9500
Backend Developer,Karla,Carlson,9500
Backend Developer,Karen,Taylor,9500
DevOps Engineer,Gary,Williams,9500
Backend Developer,Vanessa,Wilson,9500
Software Developer,Jacqueline,Mcgee,9500
System Engineer,Kristopher,Anderson,9500
System Engineer,Sonya,Brennan,9500
Backend Developer,Ronald,Rojas,9500
Full Stack Developer,Michelle,Clay,10000
System Engineer,Angela,Kennedy,9500
Full Stack Developer,Maria,Douglas,10000
Backend Developer,Jon,Yates,9500
Software Developer,Michelle,Gutierrez,9500
Full Stack Developer,Anthony,Sanchez,10000
Backend Developer,Patricia,Martin,9500
System Engineer,Misty,Davis,9500
DevOps Engineer,Richard,Carter,9500
Software Developer,Zachary,Smith,9500
DevOps Engineer,Kimberly,Bass,9500
Full Stack Developer,John,Turner,10000
Backend Developer,Steven,Nolan,9500
System Engineer,Chad,Sanchez,9500
Backend Developer,Juan,Clark,9500
DevOps Engineer,Todd,Mckay,9500
DevOps Engineer,Desiree,Bond,9500
DevOps Engineer,Andrea,Cortez,9500
Software Developer,Trevor,Leach,9500
Full Stack Developer,Elizabeth,Garcia,10000
Full Stack Developer,Robert,Gonzalez,10000
Full Stack Developer,Caitlin,Gaines,10000
Backend Developer,Natasha,Benson,9500
System Engineer,Michael,White,9500
Software Developer,Matthew,Santiago,9500
Full Stack Developer,Katelyn,Wu,10000
DevOps Engineer,Megan,Larson,9500
Full Stack Developer,Edward,Moore,10000
Software Developer,Amanda,Smith,9500
Software Developer,Linda,Walker,9500
System Engineer,Tyler,Faulkner,9500
Software Developer,Ashley,Harding,9500
Software Developer,Sandra,Vazquez,9500
DevOps Engineer,Anthony,Davis,9500
Backend Developer,Ryan,Green,9500
Backend Developer,John,Wilson,9500
Backend Developer,Brent,Woodard,9500
Full Stack Developer,David,Baxter,10000
Full Stack Developer,Donald,Stewart,10000
DevOps Engineer,Jennifer,Bell,9500
System Engineer,Chloe,Wilkerson,9500
Full Stack Developer,Courtney,Crawford,10000
Backend Developer,Austin,Gonzalez,9500
Full Stack Developer,Ashley,Lawrence,10000
Software Developer,Karen,Fuentes,9500
System Engineer,Marcia,Burnett,9500
System Engineer,Pamela,Sanders,9500
Software Developer,Jamie,Wall,9500
DevOps Engineer,Brett,Rojas,9500
System Engineer,Nathan,Perry,9500
DevOps Engineer,Kenneth,Miller,9500
Software Developer,Mark,Smith,9500
DevOps Engineer,Heather,Gonzalez,9500
System Engineer,Ronald,Torres,9500
Backend Developer,Julia,Lucas,9500
DevOps Engineer,Timothy,Brown,9500
Backend Developer,Todd,White,9500
Backend Developer,Kristin,Johnson,9500
DevOps Engineer,Chad,Rhodes,9500
Backend Developer,Kelly,Hill,9500
DevOps Engineer,Kaitlyn,Russell,9500
Backend Developer,Katie,Haas,9500
DevOps Engineer,Jeffrey,Martinez,9500
Backend Developer,Noah,Martinez,9500
System Engineer,Joseph,Goodman,9500
Backend Developer,Brenda,Nolan,9500
Full Stack Developer,Wesley,Allen,10000
Backend Developer,Michael,Cook,9500
Backend Developer,Beth,Duffy,9500
Backend Developer,Jeremy,Gutierrez,9500
Backend Developer,Thomas,Walker,9500
Software Developer,Anna,Cooper,9500
Full Stack Developer,Douglas,Wiley,10000
Backend Developer,Austin,Jones,9500
Full Stack Developer,Paul,Haynes,10000
Full Stack Developer,Joseph,Huerta,10000
Software Developer,Sarah,Chavez,9500
System Engineer,Justin,Johnson,9500
DevOps Engineer,Adrian,Hancock,9500
Software Developer,Jason,Mccarty,9500
System Engineer,Joan,Taylor,9500
Backend Developer,Angela,Wilson,9500
Backend Developer,Nicole,Lopez,9500
Full Stack Developer,Austin,Farmer,10000
DevOps Engineer,Wendy,Nelson,9500
DevOps Engineer,Todd,Eaton,9500
Backend Developer,Brandon,Martin,9500
Full Stack Developer,Margaret,Brown,10000
System Engineer,Maurice,Wood,9500
DevOps Engineer,Joyce,Cortez,9500
Software Developer,Brooke,Carlson,9500
Backend Developer,Tracy,Rivera,9500
System Engineer,Michael,Garcia,9500
Full Stack Developer,Daniel,Yang,10000
Backend Developer,Robert,Campos,9500
Software Developer,Jeffrey,Roy,9500
Backend Developer,Margaret,Garcia,9500
System Engineer,Rodney,Smith,9500
Full Stack Developer,Jeffrey,Richardson,10000
Software Developer,William,Madden,9500
Full Stack Developer,Joshua,Lopez,10000
System Engineer,Colton,Johnson,9500
Software Developer,Cody,Gomez,9500
Backend Developer,Tracy,Greene,9500
Backend Developer,Sarah,Myers,9500
Backend Developer,Jill,Davidson,9500
DevOps Engineer,Amanda,Obrien,9500
Backend Developer,Margaret,Cook,9500
System Engineer,Paul,Lyons,9500
Full Stack Developer,Michael,Chavez,10000
System Engineer,Paula,Rogers,9500
DevOps Engineer,Nicole,Roberts,9500
Software Developer,James,York,9500
System Engineer,James,Reed,9500
Full Stack Developer,Joseph,Perry,10000
Full Stack Developer,Jerry,Duncan,10000
Software Developer,Amanda,Vasquez,9500
Software Developer,Karen,Wade,9500
DevOps Engineer,Meghan,Huynh,9500
System Engineer,Kristin,Stone,9500
DevOps Engineer,Ashley,Hall,9500
DevOps Engineer,Patrick,Williams,9500
Software Developer,Matthew,Williams,9500
System Engineer,Oscar,Warren,9500
System Engineer,Angela,Weber,9500
Software Developer,Lori,Marquez,9500
DevOps Engineer,Annette,Martinez,9500
Backend Developer,Natasha,Torres,9500
Full Stack Developer,Kyle,Martinez,10000
Backend Developer,Michael,Nicholson,9500
System Engineer,Ann,Bradford,9500
Full Stack Developer,Tyler,Ray,10000
Full Stack Developer,Jonathan,Wang,10000
Software Developer,Dawn,Mendez,9500
Software Developer,Felicia,Chen,9500
DevOps Engineer,William,Davis,9500
Software Developer,Jamie,Ellison,9500
Full Stack Developer,Stephanie,Singh,10000
System Engineer,Julie,Perkins,9500
Software Developer,Loretta,Lee,9500
Backend Developer,Maria,Johnson,9500
Full Stack Developer,James,Herrera,10000
System Engineer,Wayne,Odom,9500
DevOps Engineer,Gregory,Rodriguez,9500
Full Stack Developer,Micheal,Price,10000
Backend Developer,John,Fields,9500
System Engineer,Rhonda,Kelly,9500
Backend Developer,Jacob,Beck,9500
Full Stack Developer,Cynthia,Harris,10000
System Engineer,Melissa,Liu,9500
System Engineer,Ronnie,Smith,9500
Full Stack Developer,Lisa,Reyes,10000
Backend Developer,Victoria,Wright,9500
Backend Developer,Amanda,English,9500
Full Stack Developer,Alan,Allen,10000
Backend Developer,Jeffery,Williams,9500
System Engineer,Jennifer,Gibbs,9500
Software Developer,Joseph,Rodriguez,9500
Backend Developer,Timothy,Hubbard,9500
Software Developer,Jessica,Nelson,9500
DevOps Engineer,Kelly,Davis,9500
Backend Developer,Bobby,Nguyen,9500
DevOps Engineer,Patrick,Hawkins,9500
Backend Developer,Melissa,King,9500
DevOps Engineer,Toni,Mason,9500
DevOps Engineer,Kelly,Santiago,9500
Backend Developer,Anthony,Moore,9500
Backend Developer,Anthony,Jackson,9500
Full Stack Developer,Patricia,Edwards,10000
Software Developer,Anna,Barber,9500
Software Developer,Ryan,Rogers,9500
Full Stack Developer,James,Thomas,10000
System Engineer,Taylor,Yates,9500
DevOps Engineer,Michael,Mcfarland,9500
Full Stack Developer,Francisco,Melton,10000
Backend Developer,Natalie,Garcia,9500
Software Developer,Kaitlyn,Harris,9500
Backend Developer,Erica,Walton,9500
Software Developer,Melissa,Wong,9500
Full Stack Developer,Dawn,Alexander,10000
Full Stack Developer,Julian,Velazquez,10000
Software Developer,Brandon,Morris,9500
System Engineer,Maria,Price,9500
Full Stack Developer,Erika,Rowe,10000
Full Stack Developer,Suzanne,Davis,10000
DevOps Engineer,Michael,Nichols,9500
Backend Developer,Richard,Williams,9500
DevOps Engineer,Donna,Hill,9500
Software Developer,Laura,Hernandez,9500
Full Stack Developer,Margaret,Jones,10000
DevOps Engineer,Kenneth,Vargas,9500
Software Developer,Andrew,Dean,9500
Backend Developer,Ricky,Carlson,9500
DevOps Engineer,Jamie,Mccarthy,9500
Backend Developer,John,Gutierrez,9500
Full Stack Developer,Lisa,Levine,10000
Full Stack Developer,Ryan,Chavez,10000
Backend Developer,Vincent,Klein,9500
DevOps Engineer,Jason,May,9500
System Engineer,James,Martinez,9500
System Engineer,Andrew,Richards,9500
DevOps Engineer,Matthew,Weeks,9500
System Engineer,Cody,Hale,9500
Backend Developer,Benjamin,Colon,9500
Full Stack Developer,Brandon,Stuart,10000
Full Stack Developer,Jason,Moore,10000
DevOps Engineer,Mary,Jackson,9500
DevOps Engineer,Scott,Gonzalez,9500
DevOps Engineer,Jose,Sawyer,9500
Software Developer,William,Duran,9500
Software Developer,Anthony,Alvarado,9500
DevOps Engineer,Leslie,Brooks,9500
System Engineer,Lisa,Nguyen,9500
Backend Developer,Frederick,Myers,9500
DevOps Engineer,Eric,Phillips,9500
DevOps Engineer,Peter,Crawford,9500
Backend Developer,Stephen,Porter,9500
Software Developer,Alison,Love,9500
Full Stack Developer,Mary,Wright,10000
Full Stack Developer,Catherine,Thomas,10000
Full Stack Developer,Eric,Reyes,10000
Software Developer,Christina,Evans,9500
Software Developer,Allen,Cobb,9500
Backend Developer,Christine,Morales,9500
Full Stack Developer,Alexander,Goodman,10000
DevOps Engineer,Katherine,Bender,9500
Full Stack Developer,Andrea,Beck,10000
System Engineer,Ariana,Alexander,9500
Software Developer,Melanie,Miller,9500
Software Developer,James,Lang,9500
Backend Developer,Edward,Powell,9500
System Engineer,Christine,Stanton,9500
Software Developer,Amy,Burns,9500
Software Developer,Jessica,Powell,9500
DevOps Engineer,Michael,Adams,9500
DevOps Engineer,Kristen,Jimenez,9500
DevOps Engineer,Clinton,Patrick,9500
Full Stack Developer,Grant,Barrett,10000
Backend Developer,Olivia,Davis,9500
DevOps Engineer,Lauren,Ferguson,9500
Software Developer,Victoria,Decker,9500
Backend Developer,Ryan,Norton,9500
Full Stack Developer,Gary,Stevens,10000
System Engineer,Timothy,Contreras,9500
System Engineer,John,Wheeler,9500
Backend Developer,Jill,Villarreal,9500
Backend Developer,Jessica,May,9500
DevOps Engineer,Matthew,Abbott,9500
Backend Developer,Nancy,Kaufman,9500
DevOps Engineer,Daniel,Scott,9500
System Engineer,John,Joseph,9500
System Engineer,Melanie,Jenkins,9500
System Engineer,Andrea,Mcguire,9500
System Engineer,Joshua,Proctor,9500
Software Developer,Suzanne,Williams,9500
Backend Developer,Kristen,Santiago,9500
Backend Developer,Michelle,Valenzuela,9500
Full Stack Developer,Katherine,Mosley,10000
DevOps Engineer,Austin,Perez,9500
Backend Developer,Kathy,Gonzales,9500
System Engineer,Chad,Randall,9500
Software Developer,Adam,Rivers,9500
System Engineer,Jessica,Wong,9500
DevOps Engineer,Ronald,Banks,9500
Backend Developer,Samantha,Davis,9500
DevOps Engineer,Richard,Wagner,9500
System Engineer,Sergio,Fox,9500
Backend Developer,Jennifer,Serrano,9500
DevOps Engineer,Michael,James,9500
System Engineer,Shannon,Willis,9500
Software Developer,Mary,Mercado,9500
DevOps Engineer,Patricia,Anderson,9500
Backend Developer,Stephen,Hardy,9500
Software Developer,Jennifer,Jones,9500
Backend Developer,Jacob,Bradford,9500
DevOps Engineer,Joseph,Carrillo,9500
Software Developer,Julie,Williams,9500
Backend Developer,Michael,Martinez,9500
Software Developer,David,Smith,9500
Software Developer,Keith,Webb,9500
Backend Developer,Michael,Bowen,9500
DevOps Engineer,David,Willis,9500
Software Developer,Heather,Norton,9500
System Engineer,Erin,Mendez,9500
Full Stack Developer,Brenda,Lawson,10000
Software Developer,Darryl,Moore,9500
Backend Developer,Angela,Aguilar,9500
Backend Developer,Michael,Michael,9500
Full Stack Developer,Matthew,Galvan,10000
System Engineer,Albert,Blake,9500
DevOps Engineer,Amy,Stewart,9500
DevOps Engineer,Timothy,Reed,9500
Full Stack Developer,Joseph,Parsons,10000
Software Developer,Cory,Mcdonald,9500
Full Stack Developer,Kevin,Nichols,10000
System Engineer,Michele,Banks,9500
System Engineer,Debra,Thomas,9500
System Engineer,Steven,Sherman,9500
DevOps Engineer,Kevin,Diaz,9500
System Engineer,Brenda,Spence,9500
System Engineer,William,Smith,9500
DevOps Engineer,Michelle,Miller,9500
Backend Developer,Charles,Elliott,9500
DevOps Engineer,Tyler,Rivera,9500
Backend Developer,Gregory,Jones,9500
DevOps Engineer,Thomas,Miller,9500
Full Stack Developer,Maurice,Nunez,10000
DevOps Engineer,Alan,Torres,9500
Software Developer,Jeffrey,Weiss,9500
Software Developer,William,Martin,9500
Backend Developer,Karen,Gordon,9500
Software Developer,Jose,Navarro,9500
Backend Developer,Nancy,Howard,9500
Full Stack Developer,Christopher,Lopez,10000
Full Stack Developer,Julie,Austin,10000
DevOps Engineer,Tina,Woods,9500
DevOps Engineer,Nicholas,Walker,9500
Full Stack Developer,Charles,Valdez,10000
DevOps Engineer,Ryan,Obrien,9500
System Engineer,Oscar,Phillips,9500
Software Developer,Karen,Allen,9500
Backend Developer,Julie,Huff,9500
Software Developer,Amanda,Norton,9500
DevOps Engineer,Casey,Ingram,9500
DevOps Engineer,Kurt,Miller,9500
DevOps Engineer,Douglas,Olson,9500
Full Stack Developer,Mary,Ward,10000
Backend Developer,Gary,Hill,9500
Full Stack Developer,Elizabeth,Chavez,10000
Backend Developer,Alexis,Ramos,9500
Backend Developer,Laura,King,9500
Backend Developer,Christine,Lee,9500
System Engineer,Amy,Leblanc,9500
Software Developer,Michael,Freeman,9500
System Engineer,Jessica,Knight,9500
DevOps Engineer,William,Riley,9500
