FIRST_NAME,LAST_NAME,EMAIL_ID,CITY,COUNTRY
Francisco,Moses,timothy60@gmail.com,Ruse,Poland
Kimberly,Jennings,mitchellstephanie@yahoo.com,Varna,Poland
Elizabeth,Garcia,adam80@hotmail.com,Bucharest,Serbia
Kelly,Santiago,matthewsmith@hotmail.com,Varna,Germany
Amanda,Smith,martinryan@gmail.com,Ruse,Greece
Taylor,Wood,wrightcaitlin@yahoo.com,Bucharest,Romania
Amanda,Moore,amanda61@campbell.com,Targoviste,Russia
Holly,Williams,rking@george.com,Sofia,United Kingdom
Jeff,Kim,woodvalerie@yahoo.com,Plovdiv,Germany
Shawn,Taylor,johnmcdonald@yahoo.com,Constanta,Ukraine
Amanda,Richardson,ntate@hotmail.com,Ruse,Greece
James,Thomas,sarah26@yahoo.com,Bucharest,Serbia
Michelle,Moore,owilliams@yahoo.com,Sofia,Poland
Robert,James,justinhernandez@yahoo.com,Cluj-Napoca,United Kingdom
Margaret,Baird,uwelch@hotmail.com,Bucharest,Germany
Kathryn,Reid,codynelson@richardson-white.com,Bucharest,Poland
Julia,Alvarez,mcampbell@gmail.com,Burgas,Greece
Martin,Austin,melissamurphy@taylor.com,Bucharest,Romania
David,Cross,nicholas12@thompson.info,Constanta,Greece
Tiffany,Case,wisejessica@brown.biz,Ruse,Bulgaria
Robert,Gonzalez,gonzalesdorothy@gmail.com,Targoviste,Poland
William,Garcia,tony95@hotmail.com,Bucharest,Bulgaria
Anthony,Moore,ukaiser@watkins.org,Burgas,Greece
Jennifer,Bell,irush@villanueva.net,Varna,Greece
Anthony,Jackson,victor73@gmail.com,Cluj-Napoca,Serbia
Robert,Bell,anthonyrice@gmail.com,Burgas,Ukraine
Jennifer,Lowe,zdyer@nelson-castro.com,Sofia,Ukraine
William,Harris,blong@hotmail.com,Plovdiv,Bulgaria
Darlene,Collins,garmstrong@yahoo.com,Plovdiv,Serbia
Jasmine,Perez,howardryan@holland.com,Constanta,Greece
Keith,Porter,pauldiana@sanchez-taylor.org,Bucharest,Bulgaria
Matthew,Roberson,craig54@norris.com,Burgas,Romania
Susan,Cochran,bradley50@gomez-sanchez.info,Plovdiv,Poland
Taylor,Yates,kellison@yahoo.com,Ruse,United Kingdom
Michael,Riley,laurie81@hotmail.com,Burgas,Russia
Alicia,Reeves,erinrobinson@wilson.org,Targoviste,Ukraine
Heather,Wright,wrobbins@kelley-delgado.com,Targoviste,Romania
Zachary,Wolf,swatts@barker.com,Bucharest,Romania
Melissa,Reyes,pklein@hotmail.com,Cluj-Napoca,Ukraine
Robert,Mitchell,vflowers@yahoo.com,Sofia,Ukraine
Brian,Howard,sparksveronica@kramer.com,Sofia,Bulgaria
Angela,Johnson,shieldsgregory@yahoo.com,Burgas,Poland
Kristina,Coleman,murphyjoshua@smith.com,Sofia,United Kingdom
Karen,Valentine,robert95@gmail.com,Plovdiv,Ukraine
Craig,Gill,dcole@smith.biz,Ruse,Poland
Suzanne,Davis,sbuchanan@kirk-garcia.com,Burgas,Serbia
Cindy,Mclaughlin,johnsonanthony@rowe.net,Sofia,Bulgaria
Gregory,Jacobs,stevensjoshua@gmail.com,Targoviste,Serbia
Jonathan,King,michaeljohn@tanner.com,Plovdiv,United Kingdom
Tanya,Garcia,rfox@love.com,Cluj-Napoca,Serbia
Margaret,Brown,emily19@hays-mitchell.com,Constanta,Greece
Laura,Campbell,adam00@bowman.com,Plovdiv,Germany
Katherine,Murphy,bmccoy@holt.org,Burgas,Serbia
Michael,Tucker,randallmorris@hughes.com,Plovdiv,Ukraine
Denise,Ray,markclay@yahoo.com,Ruse,Greece
Amy,Henry,qbaker@martinez.com,Bucharest,United Kingdom
Margaret,Smith,danhunter@pacheco.com,Ruse,Poland
Caitlin,Gaines,mark29@white.com,Targoviste,Serbia
Jennifer,Liu,brownchristopher@gmail.com,Constanta,Bulgaria
Kim,Cummings,sierramalone@gmail.com,Sofia,Ukraine
Chloe,Wilkerson,andrewlopez@thomas.com,Bucharest,Romania
Katie,Zimmerman,ypope@wong.biz,Targoviste,Germany
Ronnie,Ortiz,joshua39@gmail.com,Burgas,Bulgaria
Andrew,Paul,pettyerin@bentley.com,Targoviste,United Kingdom
April,Thomas,rachelhiggins@dennis.info,Ruse,Russia
Crystal,Bowen,wigginsderek@gmail.com,Ruse,Ukraine
Christopher,James,nicole63@rollins-mills.info,Targoviste,Poland
Gail,Cruz,christopher61@gmail.com,Varna,Greece
Jill,Ingram,ian95@hotmail.com,Ruse,Poland
Stephen,Hamilton,rebekah92@moon.com,Plovdiv,Greece
Rachel,Perry,haley14@peters-moore.com,Burgas,Ukraine
Scott,Johnson,trussell@small.com,Plovdiv,United Kingdom
Rachel,Woodard,mannmichael@hotmail.com,Burgas,Romania
Michael,Fox,keith37@yahoo.com,Targoviste,Bulgaria
Dominique,Montoya,toddortega@beard.com,Ruse,Germany
Margaret,Jones,mharris@yahoo.com,Constanta,Bulgaria
Mercedes,Bradshaw,kelly12@nelson.net,Plovdiv,Serbia
Patricia,Edwards,leonardharvey@stuart.com,Bucharest,Russia
Jamie,Harrison,nwhite@black.com,Targoviste,Russia
William,Garza,brookstiffany@howard.com,Burgas,United Kingdom
Brett,White,daniellemccarthy@yahoo.com,Ruse,Greece
Aaron,Downs,ronaldsmith@zuniga.com,Bucharest,Bulgaria
Tyler,Faulkner,colonrichard@wagner-murphy.net,Targoviste,Poland
Francisco,Melton,jamesanthony@griffith.info,Varna,Bulgaria
Andrew,Barrett,jcoleman@gmail.com,Targoviste,Ukraine
Courtney,Crawford,qmiller@gmail.com,Sofia,Poland
Alexandra,Sanchez,joshuawright@chambers.com,Burgas,Germany
Matthew,Rogers,jamiekirk@moran.net,Burgas,Serbia
Breanna,Green,markwilliams@barker-gardner.biz,Ruse,Bulgaria
Robert,Carter,lori69@robinson-cruz.com,Cluj-Napoca,United Kingdom
Brandy,Anderson,michaelshah@butler.com,Bucharest,Serbia
Donna,Hill,jasmine19@burton.com,Bucharest,Romania
Natalie,Garcia,yleon@molina.org,Ruse,Greece
Sara,Simmons,jillreeves@carter.org,Varna,Bulgaria
Stephen,Johnson,valenzuelamegan@hotmail.com,Targoviste,Bulgaria
Heidi,Lopez,shortkevin@stewart-miller.com,Sofia,Germany
Katherine,Levy,xstewart@hotmail.com,Burgas,Russia
Richard,Cox,munozkeith@hotmail.com,Plovdiv,United Kingdom
Jerry,Sweeney,alyssa88@henderson.com,Bucharest,Ukraine
Matthew,Rogers,tmartin@raymond.com,Plovdiv,Romania
Linda,Parker,jenniferwood@gmail.com,Bucharest,United Kingdom
Nicholas,Ruiz,vwilson@schmidt-rodriguez.com,Constanta,Ukraine
Robin,Pierce,morgancourtney@jackson.com,Ruse,Poland
Cathy,Brown,isaac46@gmail.com,Bucharest,Germany
Jessica,Contreras,rhodesrobert@burns.com,Ruse,Serbia
Brian,Dixon,kennethtorres@hotmail.com,Cluj-Napoca,Bulgaria
James,Luna,kelseyjones@gmail.com,Targoviste,Russia
Willie,Garcia,michael12@kent.net,Ruse,Germany
Natasha,Benson,sgonzalez@pruitt-romero.com,Plovdiv,Germany
Anna,Barber,paul76@collins.com,Targoviste,Romania
Bradley,Murphy,justin80@hotmail.com,Varna,Serbia
Katelyn,Wu,chadbrown@carr.com,Ruse,Russia
Joe,Pittman,loganmadison@jones.net,Burgas,Greece
Joseph,Vance,mosleyerica@kirby.info,Burgas,Ukraine
Michael,Mcfarland,jameskelly@yahoo.com,Burgas,Germany
Lauren,Taylor,erin70@livingston.com,Bucharest,Ukraine
Teresa,Velasquez,monicawallace@hotmail.com,Constanta,Greece
Ryan,Rogers,uabbott@yahoo.com,Targoviste,Serbia
Alisha,Gutierrez,mbray@gmail.com,Burgas,Bulgaria
Kenneth,Vargas,wbrown@hughes-davis.com,Sofia,United Kingdom
Abigail,Matthews,awilkerson@king.com,Cluj-Napoca,Russia
Ashley,Whitehead,kevinjones@hotmail.com,Cluj-Napoca,Bulgaria
Christopher,Duncan,qmorrow@crawford.com,Bucharest,Bulgaria
Linda,Walker,joseholmes@kirby.com,Bucharest,Russia
Kathy,Dillon,marycollier@phillips.org,Ruse,Bulgaria
John,Hart,lunavalerie@yahoo.com,Ruse,Russia
Diana,Chambers,robinharrison@gmail.com,Ruse,Germany
April,Reed,paulrodriguez@yahoo.com,Constanta,Romania
Christina,Davis,joanneashley@kelley-garcia.info,Sofia,Greece
Susan,Armstrong,brian95@harris-dunn.com,Targoviste,Poland
Barry,Wall,marshallsarah@brown.com,Bucharest,Romania
Keith,Medina,rogersrobert@yahoo.com,Burgas,Germany
Joshua,Jones,danielle07@gmail.com,Targoviste,United Kingdom
Janet,Velazquez,swilliams@martinez.net,Varna,Poland
Shawn,Smith,trevor30@king.net,Ruse,Germany
Natalie,Rodriguez,chadwalker@hotmail.com,Plovdiv,Bulgaria
Rebecca,Hubbard,angela74@gmail.com,Bucharest,Romania
Mary,Graham,bradleydenise@yahoo.com,Sofia,Serbia
Daniel,Warren,barbara40@hotmail.com,Ruse,Serbia
Jennifer,Garcia,matthew98@andrews.info,Cluj-Napoca,Bulgaria
Teresa,Mckee,frank04@long.info,Ruse,Greece
John,Wheeler,jordanrobert@ward-henderson.org,Ruse,Greece
Tyler,Marks,ukelly@hotmail.com,Targoviste,United Kingdom
Krista,Robles,derek09@nolan-price.info,Varna,Bulgaria
Joseph,Gaines,brian76@hotmail.com,Plovdiv,Germany
Lacey,Bowen,kristinthornton@yahoo.com,Varna,Romania
Patrick,Reynolds,michelle95@hotmail.com,Sofia,Bulgaria
Andrea,Long,lmoore@harper.com,Plovdiv,United Kingdom
Austin,Gonzalez,pscott@clark.com,Varna,United Kingdom
Michael,White,dickersonjamie@wheeler-parks.info,Bucharest,Greece
Karen,Bell,donna46@kelley.com,Burgas,Serbia
Ashley,Harding,samuel44@peters.biz,Varna,Serbia
Nicole,Cook,bcross@hammond.com,Constanta,Poland
Denise,Avila,sharonfoster@dominguez.biz,Targoviste,Serbia
Sandra,Vazquez,philip58@williams-carr.com,Bucharest,Greece
Rhonda,Davis,woodsjennifer@dawson-wolf.info,Cluj-Napoca,Greece
Sharon,Williams,alexiscastro@taylor.biz,Ruse,United Kingdom
Jerome,Miller,nancymcdonald@martin.com,Targoviste,Poland
Connie,Lee,lisa60@yahoo.com,Varna,United Kingdom
Steve,Rodriguez,clarkekim@hotmail.com,Plovdiv,Poland
Jessica,Webb,donaldhahn@snow-hunter.com,Ruse,Serbia
Heather,Hampton,twright@yahoo.com,Ruse,Poland
Carol,Anderson,omendoza@adams.net,Cluj-Napoca,United Kingdom
Jacqueline,Williams,ksolomon@burns.com,Bucharest,Romania
Joel,Steele,jenningskaren@gmail.com,Burgas,Serbia
Tanya,Williams,eric66@yahoo.com,Ruse,Greece
Sean,Neal,jennifer46@robinson.org,Cluj-Napoca,Germany
Jason,Smith,webbkristi@williamson.com,Ruse,Romania
Michael,Nichols,christopher72@yahoo.com,Cluj-Napoca,Poland
Stephanie,Alvarado,debrawilson@hotmail.com,Bucharest,Romania
Andrew,Garcia,alexis08@yahoo.com,Cluj-Napoca,Bulgaria
Mark,Smith,michellevelazquez@yahoo.com,Burgas,Poland
William,Holland,richardbell@shelton.com,Burgas,United Kingdom
Jessica,Brewer,jorge60@obrien-washington.net,Sofia,Greece
Ashley,Lawrence,ufry@dominguez.com,Constanta,Poland
Matthew,Santiago,yujoshua@gmail.com,Targoviste,Poland
Laura,Hernandez,halljohn@roman.net,Targoviste,Bulgaria
Justin,Figueroa,gomezbrandon@yahoo.com,Bucharest,Romania
Heather,Coleman,jacobsonjulie@yahoo.com,Ruse,Germany
Barbara,Garcia,paula67@conner-davis.com,Bucharest,Ukraine
James,Hernandez,natasha86@white.net,Targoviste,Bulgaria
Lucas,Reid,ohenry@bennett-moody.com,Varna,Poland
Tyrone,Watson,psantiago@gmail.com,Cluj-Napoca,Serbia
Jonathan,Santos,mhoward@gmail.com,Burgas,Germany
Cassandra,Green,hgonzalez@marsh.com,Burgas,Bulgaria
Dale,Burgess,burnsamanda@yahoo.com,Burgas,Romania
Jodi,Green,schroederjoel@woods-reed.biz,Ruse,Ukraine
Marcia,Burnett,lrodriguez@hotmail.com,Sofia,Germany
Bridget,Ho,hsullivan@flynn.com,Varna,Germany
Larry,Colon,angelgregory@gmail.com,Sofia,Serbia
Jenna,Kelly,joe39@butler.com,Constanta,Serbia
Dustin,Sanchez,jamesvillanueva@jones.com,Varna,Greece
Megan,Larson,scottjohn@hotmail.com,Cluj-Napoca,Russia
Cynthia,Jennings,mullinstyrone@gmail.com,Constanta,Germany
Richard,Stewart,javier70@gmail.com,Plovdiv,United Kingdom
Kelly,Sullivan,austinmunoz@webb-lewis.biz,Targoviste,United Kingdom
Shaun,Santos,erinbrown@collins.com,Plovdiv,Ukraine
Andrew,Dean,jrose@campbell-hoffman.org,Varna,Serbia
Kaitlyn,Harris,vhernandez@hotmail.com,Varna,Greece
Donald,Todd,melissafields@hotmail.com,Bucharest,Poland
Anthony,Davis,crystalblackwell@smith.net,Plovdiv,Ukraine
Mary,Steele,hernandezdavid@gmail.com,Bucharest,Russia
Caitlin,Jacobs,danielleholmes@morris.com,Targoviste,Russia
Heather,Stanton,nicole86@hotmail.com,Plovdiv,Germany
Ashley,Howell,william71@alvarado.com,Burgas,Ukraine
Felicia,Oliver,stevensmichael@spencer.com,Burgas,Ukraine
Debra,Jones,anthonyrios@hotmail.com,Cluj-Napoca,Greece
Joseph,Moore,zwagner@ramos-lee.info,Varna,Serbia
Kristin,Harrell,alanharrison@brown-wong.com,Varna,Bulgaria
Alexa,Poole,johnjohnson@roberson.net,Burgas,United Kingdom
Belinda,Newman,rcole@white.com,Plovdiv,Serbia
Antonio,White,turnermichelle@gmail.com,Targoviste,Germany
Richard,Williams,obarrett@smith-anderson.org,Sofia,Russia
Alison,Boyd,woodraymond@yahoo.com,Cluj-Napoca,United Kingdom
Victoria,Mcintyre,harrismichael@miller-poole.net,Constanta,Russia
Melinda,Dunn,thompsonrobert@hamilton-anderson.com,Burgas,United Kingdom
Lisa,Cook,william11@yahoo.com,Plovdiv,Greece
Jamie,Mccarthy,christopher86@gmail.com,Bucharest,Russia
Kimberly,Villarreal,michaeljenkins@scott.com,Bucharest,Germany
Sarah,Waller,brownrichard@norris.com,Plovdiv,Russia
Amy,Matthews,mckeelarry@logan.biz,Plovdiv,Poland
Steve,Ross,brian35@gmail.com,Bucharest,Germany
Ryan,Sherman,danieldennis@munoz.com,Plovdiv,Greece
Victoria,Mendoza,moralesjamie@hotmail.com,Bucharest,United Kingdom
Erica,Walton,dpark@gmail.com,Varna,United Kingdom
John,Gutierrez,jillianwilliams@gmail.com,Bucharest,Greece
Ian,Schwartz,conleychristina@yahoo.com,Constanta,Romania
Cynthia,Rodriguez,cervantesolivia@villanueva.net,Targoviste,Russia
Lindsey,Joseph,christinamitchell@yahoo.com,Targoviste,Ukraine
Jennifer,Norris,matthewwalters@hotmail.com,Plovdiv,Romania
Tamara,Stevens,fordjames@gmail.com,Bucharest,Germany
Jessica,Stone,renee09@mcdonald.com,Constanta,United Kingdom
Michael,Lester,joseph41@yahoo.com,Constanta,Serbia
Ricky,Carlson,christopher85@garrison.biz,Cluj-Napoca,Ukraine
Christine,Nelson,michael97@hotmail.com,Plovdiv,Bulgaria
Wayne,Atkins,aaronsmith@gmail.com,Sofia,Germany
Joseph,Davis,christina75@hotmail.com,Cluj-Napoca,United Kingdom
Michaela,Bird,ogonzalez@kaufman.net,Constanta,Romania
Kurt,Collins,chase97@yahoo.com,Cluj-Napoca,Bulgaria
Ashley,Duncan,alexandriadennis@webb.org,Varna,Romania
Melissa,Wong,lisawilson@hotmail.com,Ruse,Germany
Michael,Horton,andrea53@garcia-hill.org,Targoviste,Ukraine
Jeremy,Barajas,egonzalez@gmail.com,Bucharest,Bulgaria
Jordan,Hardin,gordonsharon@gibson-oneill.com,Ruse,Poland
Sonia,Fleming,david14@johnson.info,Cluj-Napoca,Russia
Thomas,Rodriguez,bartonjasmin@gmail.com,Sofia,Greece
Robert,Burgess,herbertwood@hotmail.com,Plovdiv,Romania
Robin,Lopez,travislopez@hotmail.com,Targoviste,Romania
Elizabeth,Gutierrez,thomasjoshua@hester-brown.com,Varna,Germany
Edward,Moore,walllisa@hamilton-conrad.com,Burgas,Germany
Judith,Saunders,olee@barrera.net,Ruse,Russia
Daniel,Taylor,nicholas85@jordan-lopez.com,Targoviste,Germany
Karen,Fuentes,randy62@gmail.com,Burgas,United Kingdom
Erika,Lopez,samanthamcconnell@barber.net,Burgas,Romania
Peter,Wright,stewartrichard@martin.org,Sofia,Ukraine
Cole,Campbell,tonycaldwell@gmail.com,Constanta,Serbia
Daniel,Morgan,andrewburgess@harmon.com,Cluj-Napoca,Greece
Kimberly,Lane,kyle73@jones.com,Bucharest,Serbia
Cassie,Davis,xnavarro@johnson.com,Varna,Ukraine
Pamela,Sanders,ischroeder@peters-massey.com,Cluj-Napoca,Ukraine
Jamie,Wall,qsantiago@garcia.com,Targoviste,Russia
Sarah,Sandoval,tevans@tucker-ruiz.net,Constanta,Ukraine
Megan,Paul,veronica73@yahoo.com,Sofia,Greece
Paula,Jones,ingramrhonda@reed.net,Sofia,Poland
Samantha,Jackson,smithpaul@hotmail.com,Varna,Ukraine
Michael,Jackson,perezjennifer@gmail.com,Targoviste,Greece
William,Sanchez,obradley@gmail.com,Ruse,United Kingdom
Joseph,Stone,wadekevin@gmail.com,Varna,Russia
Brett,Rojas,bakermadison@williams.com,Burgas,United Kingdom
Aaron,Lucas,smithbrent@zavala.org,Targoviste,United Kingdom
Matthew,Gomez,bishopfrank@yahoo.com,Constanta,Bulgaria
Rebecca,Burnett,trivers@hotmail.com,Plovdiv,Russia
Jill,Villarreal,williamsdavid@collins.com,Cluj-Napoca,Ukraine
Julie,Morton,wgarner@pace.net,Varna,Poland
Alicia,Coleman,amyleonard@ray.info,Bucharest,Greece
James,Hodges,keith25@yahoo.com,Targoviste,Russia
Kevin,Kramer,jamiereid@hotmail.com,Bucharest,Bulgaria
Maurice,Wood,romanmaria@sanchez.org,Constanta,Poland
Thomas,Bell,carrillomariah@yahoo.com,Varna,Greece
James,Rodriguez,susanwilliams@hotmail.com,Ruse,Greece
Kimberly,Cochran,icoleman@mitchell-owen.org,Ruse,Russia
Laura,Fletcher,ibrooks@gmail.com,Cluj-Napoca,Ukraine
Elizabeth,Campbell,lwilson@gmail.com,Burgas,Ukraine
Donna,Scott,guy93@yahoo.com,Varna,Ukraine
Nathan,Perry,joshua24@hotmail.com,Burgas,Ukraine
Daniel,Conley,jrobinson@solomon-roth.net,Burgas,Greece
Melissa,Richardson,tammyarmstrong@gmail.com,Bucharest,Ukraine
Dawn,Alexander,gphillips@newman.com,Cluj-Napoca,Ukraine
Jessica,May,jessicaharris@hill-guerrero.info,Burgas,Serbia
Kenneth,Miller,bobbyshepard@gmail.com,Plovdiv,Romania
Tammy,Anthony,whull@hotmail.com,Plovdiv,Serbia
Molly,Foster,dsmith@yahoo.com,Constanta,Romania
Anna,Cooper,jeffersonkristen@yahoo.com,Cluj-Napoca,Romania
Kenneth,Arnold,greendeborah@powell.com,Ruse,Germany
Walter,Sharp,daniel02@yahoo.com,Targoviste,Bulgaria
Lisa,Levine,johnsolis@reyes.com,Sofia,Ukraine
David,Thomas,amberwright@hurley.com,Constanta,Germany
Antonio,Miller,ruth83@hotmail.com,Targoviste,Ukraine
Brandon,Williams,vtodd@gmail.com,Targoviste,Ukraine
Christopher,Reed,nicole51@fernandez-hernandez.org,Sofia,Serbia
Mark,Smith,walkerariel@gmail.com,Cluj-Napoca,Poland
Nicholas,Freeman,zwest@rodriguez-simmons.com,Sofia,Russia
Stephanie,Harris,sharrison@lee-tapia.net,Targoviste,United Kingdom
Pamela,Brown,wellschristine@yahoo.com,Sofia,United Kingdom
Ryan,Green,davisdavid@miller-phillips.com,Constanta,Poland
Jerry,Miller,emeyers@holt.net,Varna,Romania
Matthew,Trevino,woodregina@weeks.info,Constanta,United Kingdom
Benjamin,Nguyen,hillmichael@hotmail.com,Varna,Romania
Melissa,Davis,wfleming@hotmail.com,Constanta,Poland
Kevin,Weaver,faithhickman@gmail.com,Plovdiv,Romania
Steven,Porter,anita57@gmail.com,Targoviste,Ukraine
Jackie,Wood,nicolejacobson@yahoo.com,Burgas,Poland
Colin,Hull,bowens@hotmail.com,Plovdiv,United Kingdom
Adam,Morris,jimenezkathleen@harris-barnett.net,Constanta,Poland
Michelle,Smith,thernandez@thomas.com,Constanta,Greece
Joshua,Stone,austinharper@blanchard-lewis.biz,Cluj-Napoca,Russia
Caleb,Williams,frank68@castillo.com,Targoviste,United Kingdom
Ryan,Chavez,ianwilliams@mendoza-cooper.biz,Bucharest,Romania
Sandra,Wallace,andrewperry@sanchez.com,Cluj-Napoca,Serbia
Michael,Cooper,jphillips@gmail.com,Bucharest,Greece
Brandi,Valdez,leekeller@yahoo.com,Ruse,Serbia
John,Wilson,rachelbarr@murphy.org,Bucharest,Bulgaria
Michele,Jones,james15@mora.com,Bucharest,Ukraine
Larry,Stein,matthew80@barnes-carrillo.net,Plovdiv,Bulgaria
Danny,Johnson,jeff86@yahoo.com,Burgas,Germany
Amy,Johnson,fmarsh@hotmail.com,Ruse,Poland
Sarah,Brooks,richardnatalie@schwartz-willis.com,Bucharest,Germany
Denise,Beasley,goldenlisa@watts.info,Targoviste,Greece
Joyce,Cortez,moniquegraham@hotmail.com,Varna,Germany
Angela,Nguyen,smithtodd@nelson.com,Constanta,Greece
Jeff,Patterson,zparker@yahoo.com,Ruse,Romania
Loretta,Rivera,tracy09@gmail.com,Burgas,Bulgaria
Heather,Gonzalez,gillespiecharles@yahoo.com,Ruse,Russia
Linda,Orr,patrick12@garcia-hoffman.com,Bucharest,Romania
Sean,Cooper,beckerjoseph@yahoo.com,Ruse,Ukraine
Kevin,Ruiz,russellbell@torres-robinson.com,Constanta,Germany
Amy,Castro,bradleymayo@hotmail.com,Constanta,Serbia
George,Cooke,richard14@hotmail.com,Burgas,Ukraine
Matthew,Abbott,taylorterry@steele.com,Burgas,Greece
Cheryl,Mason,margaretferrell@yahoo.com,Constanta,Serbia
Adam,Adams,fmarshall@davila.com,Sofia,Poland
Vincent,Klein,alexandradyer@hotmail.com,Targoviste,Germany
Levi,Johnson,aboyd@holland-hines.com,Burgas,Ukraine
Stephanie,Howard,sowens@hotmail.com,Cluj-Napoca,Germany
Ronald,Torres,parkercollin@morgan.com,Constanta,Germany
Scott,Harris,davismary@johnson-brown.com,Ruse,United Kingdom
Jason,May,denisepearson@gmail.com,Bucharest,Poland
Adam,Wilson,donna93@thompson.biz,Constanta,Ukraine
Donald,Conley,wernerthomas@gmail.com,Targoviste,Serbia
Dominic,Estrada,toddwilliam@gmail.com,Plovdiv,Ukraine
John,Barber,penny99@gmail.com,Ruse,Serbia
Kayla,Perez,zwood@johnson-allen.com,Plovdiv,Poland
James,Martinez,icervantes@fox-thompson.com,Sofia,Ukraine
Andrew,Richards,pbennett@martinez.com,Bucharest,Serbia
Mark,Hoffman,michellebailey@flores.com,Targoviste,Germany
Cathy,Scott,benjamin00@whitaker-lambert.net,Bucharest,Ukraine
Brent,Woodard,castilloshawn@gmail.com,Plovdiv,Russia
Matthew,Guzman,nsanders@moore.info,Plovdiv,Poland
Julia,Lucas,esmith@vazquez-sandoval.info,Varna,Greece
Michelle,Sanchez,ojones@gmail.com,Burgas,Poland
Cynthia,Martin,moniqueabbott@sullivan-hernandez.biz,Plovdiv,Serbia
Scott,Yates,brookehernandez@gmail.com,Cluj-Napoca,Poland
Adam,Quinn,tracey21@thompson-king.com,Targoviste,Bulgaria
Ryan,Jones,thomas43@yahoo.com,Bucharest,Poland
Michele,Colon,joshuaadams@gmail.com,Sofia,Germany
Penny,Williams,donaldsonpaul@hotmail.com,Varna,United Kingdom
David,Anderson,mcgeerichard@gmail.com,Bucharest,United Kingdom
Jason,Morales,deborahwilliams@smith.info,Targoviste,Bulgaria
Vicki,Hendrix,janetjohnson@cervantes-moore.com,Cluj-Napoca,Ukraine
Theresa,Lopez,johnbowman@williamson.info,Sofia,Russia
Lisa,Ramsey,zpayne@gmail.com,Sofia,United Kingdom
Andrew,Gray,nwilliams@mcneil.biz,Sofia,Romania
Richard,Shah,zachary88@gmail.com,Constanta,Ukraine
Jason,Vasquez,cwilliams@yahoo.com,Burgas,Greece
Randy,Jones,bridget35@alvarez-holland.biz,Bucharest,Serbia
Gina,Allen,xbishop@king.com,Cluj-Napoca,Greece
Christopher,Bowen,ywhite@english.com,Sofia,Serbia
Timothy,Brown,devin00@yahoo.com,Sofia,Serbia
Susan,Cameron,flynnsharon@gmail.com,Ruse,Serbia
Ashley,Miller,jennifercooper@house.com,Cluj-Napoca,Russia
Mark,Rivas,smithjeremy@yahoo.com,Plovdiv,Romania
Jessica,Price,russellkevin@mcbride.com,Targoviste,Serbia
Danny,Arias,morrisrachel@mckinney.com,Sofia,Greece
Joshua,Pennington,asmith@gmail.com,Burgas,Serbia
Jonathan,Singleton,christopher30@yahoo.com,Cluj-Napoca,Poland
Gilbert,Hall,christensentracey@gmail.com,Sofia,Russia
Ricardo,Watson,colesuzanne@black-hall.com,Sofia,Ukraine
Joseph,Franklin,gerald07@hernandez.info,Plovdiv,Russia
Mary,Rodriguez,meltonjill@hotmail.com,Bucharest,Poland
Kevin,Kaiser,lawrence10@wade-bryan.com,Bucharest,Poland
Todd,White,brian28@yahoo.com,Cluj-Napoca,Russia
Monica,Sanchez,timothyschneider@lee.com,Constanta,Russia
Alicia,Mullen,hnelson@strickland.com,Cluj-Napoca,Romania
Joseph,Burton,bakeraudrey@gonzalez.org,Varna,Bulgaria
Dylan,Oliver,matthew81@thompson.info,Targoviste,Russia
Frederick,Myers,ronald41@yahoo.com,Burgas,Russia
Kristin,Johnson,kyle74@cardenas.org,Constanta,Germany
Stephanie,Cox,aadams@hotmail.com,Plovdiv,Ukraine
Jason,Nolan,michelleespinoza@hotmail.com,Plovdiv,Poland
Gary,Nelson,evillanueva@taylor.net,Ruse,United Kingdom
Matthew,Harrison,skennedy@dominguez.com,Bucharest,Russia
Amanda,Hoffman,singhlinda@gmail.com,Cluj-Napoca,Greece
Adam,Miller,hickmannathan@griffin.com,Cluj-Napoca,Germany
Mark,Ortiz,meyernathaniel@espinoza.com,Sofia,Germany
Matthew,Weeks,kristen08@butler.com,Ruse,Romania
Aaron,Ayala,ericayala@glass.org,Ruse,Russia
Brandon,Goodman,johnbrennan@wells-henry.com,Burgas,Serbia
Heather,Allen,adamsgerald@carter.biz,Targoviste,Ukraine
William,Underwood,briancampbell@robertson.com,Bucharest,United Kingdom
Mary,West,nathan33@warren.com,Burgas,Russia
Ryan,Ward,robertsnow@haas-garza.org,Constanta,Germany
Robert,Hall,jweber@yahoo.com,Ruse,Ukraine
Tina,Gibson,garyjones@mathews.org,Plovdiv,United Kingdom
Brian,Walton,wbaldwin@hotmail.com,Varna,Serbia
Stacey,Thomas,sherri42@hotmail.com,Sofia,Germany
Cody,Hale,williamsontina@lara.com,Cluj-Napoca,Poland
Haley,Williams,bmartinez@gibson.com,Varna,Poland
Nichole,Nelson,pperkins@arnold-fernandez.com,Constanta,Germany
Stephanie,Wright,mcdowellryan@martin.com,Constanta,Bulgaria
Chad,Rhodes,mirandawang@fuller.com,Plovdiv,Serbia
Benjamin,Colon,brianaarnold@kelly.biz,Burgas,Russia
Margaret,Lutz,emily67@yahoo.com,Sofia,Russia
Rebecca,Torres,smithkelsey@gmail.com,Targoviste,United Kingdom
Destiny,Smith,kelly58@hotmail.com,Cluj-Napoca,Russia
Tiffany,Smith,twilkinson@hotmail.com,Burgas,Poland
William,Palmer,karabarker@hotmail.com,Burgas,Bulgaria
Kelly,Hill,brandy48@miller.com,Constanta,Serbia
Matthew,Anderson,fsmith@fox.biz,Constanta,Greece
Allison,Collins,petersondouglas@hart.com,Burgas,Romania
Dakota,Savage,watsonmichael@gmail.com,Ruse,United Kingdom
Janet,Garcia,christian32@gmail.com,Burgas,Greece
Rachel,Faulkner,josethompson@miller-williams.com,Constanta,Russia
Ryan,Moore,joseph05@hotmail.com,Varna,Poland
Sarah,Morales,pamelawalker@yahoo.com,Cluj-Napoca,Ukraine
Brent,Lopez,colinperez@morris.com,Varna,Russia
Douglas,Wiley,michaelawilliams@yahoo.com,Varna,Bulgaria
Cory,Velasquez,amy38@yahoo.com,Varna,Serbia
Jessica,Wallace,anthony53@smith.biz,Cluj-Napoca,Bulgaria
Jennifer,Simpson,eddie79@griffith.com,Sofia,Romania
Loretta,Walker,charles65@jenkins-navarro.org,Bucharest,Germany
Wayne,Bell,lutzmichael@walker.net,Bucharest,Ukraine
Brittany,Bowers,josephhowe@gmail.com,Sofia,Romania
Paul,Allen,jpace@yahoo.com,Sofia,United Kingdom
Kevin,Johnson,justinrodriguez@campbell-livingston.com,Targoviste,Poland
Brandon,Terrell,frangel@davis.biz,Targoviste,Germany
Thomas,Schmidt,kaitlinkeith@price-vargas.com,Plovdiv,Russia
Brandon,Stuart,fishererin@hotmail.com,Ruse,Bulgaria
Bryan,Griffin,douglas35@jones.biz,Cluj-Napoca,Bulgaria
Kevin,Sanchez,stricklandcynthia@lopez.com,Sofia,Serbia
Amy,Bell,steven20@jackson.com,Cluj-Napoca,Bulgaria
Lisa,Hill,sherrylewis@bates.com,Cluj-Napoca,Romania
Jason,Moore,gardnerlinda@west-mcintosh.com,Constanta,Germany
Thomas,Williams,amanda97@gmail.com,Bucharest,Ukraine
Curtis,Hudson,brennancynthia@yahoo.com,Targoviste,Greece
Brandon,Morris,lydialogan@hotmail.com,Constanta,United Kingdom
Nancy,Alvarado,rebecca42@yahoo.com,Varna,Serbia
Linda,Thompson,fgallegos@gardner.biz,Ruse,Germany
Tracy,Carter,lbrown@hotmail.com,Cluj-Napoca,United Kingdom
David,Adams,xbrowning@gmail.com,Plovdiv,Poland
Julian,Velazquez,patricia65@schmidt.com,Varna,United Kingdom
Richard,White,erica41@jones-walker.com,Burgas,Russia
Mary,Jackson,tgarcia@yahoo.com,Constanta,Russia
Kelsey,Lee,lrodriguez@yahoo.com,Plovdiv,United Kingdom
Lee,Anderson,zharris@gmail.com,Bucharest,Greece
Michael,Luna,deborahstephens@ross-tapia.com,Cluj-Napoca,United Kingdom
William,Madden,christopher01@yahoo.com,Sofia,Russia
Julie,Anderson,cookaustin@romero-bishop.com,Targoviste,Romania
Maria,Price,perezrachel@hotmail.com,Constanta,Russia
David,Decker,tony96@johnson.org,Targoviste,Russia
Mitchell,Foster,michael78@phillips.info,Varna,Serbia
Eric,Phillips,hernandezwendy@murray-scott.biz,Plovdiv,Germany
Jeremy,Banks,abigailolson@lam.com,Varna,Romania
Rebecca,Miller,mckenziemooney@terrell.com,Bucharest,Ukraine
Nancy,Kaufman,joeanthony@brown-fleming.com,Sofia,Russia
Jasmine,Nguyen,shannonwilliams@sawyer.com,Plovdiv,Serbia
Rhonda,Anderson,campbellgregory@tate.com,Constanta,Russia
Rodney,Carlson,mason56@gmail.com,Bucharest,Poland
Kaitlyn,Russell,melindamartin@gmail.com,Sofia,Poland
Joshua,Lopez,thomas05@thomas.com,Ruse,Greece
Brooke,Carlson,jennifershannon@gray.org,Plovdiv,Ukraine
Scott,Gonzalez,cmeyers@cook.com,Cluj-Napoca,Germany
Scott,Lynn,raymond75@robinson-estrada.com,Sofia,Bulgaria
David,Reeves,stephanie96@hotmail.com,Sofia,Greece
Robert,Heath,rodriguezwilliam@yahoo.com,Ruse,Romania
Daniel,Scott,jillmay@yahoo.com,Bucharest,Russia
Colton,Johnson,elliottmichael@gonzalez-hughes.com,Targoviste,Greece
Lisa,Reyes,garykemp@smith.com,Targoviste,United Kingdom
Robert,Jackson,amoore@king.com,Constanta,United Kingdom
Rebecca,Smith,roberto07@dickson.com,Burgas,Serbia
Janet,Campbell,amanda50@garcia.com,Burgas,Germany
Daniel,Gross,cdorsey@yahoo.com,Cluj-Napoca,Russia
Michael,Meadows,elizabeth13@gmail.com,Targoviste,Bulgaria
Katie,Haas,kmiranda@yahoo.com,Sofia,United Kingdom
Peter,Crawford,zlopez@hotmail.com,Plovdiv,Russia
Heather,Hamilton,deborah65@cook-ward.com,Sofia,Romania
Jeffrey,Murphy,bauergarrett@mccarthy.info,Burgas,Greece
Lauren,Hernandez,ewright@yahoo.com,Bucharest,Ukraine
Maria,Murray,adam59@yahoo.com,Sofia,Germany
Julie,Munoz,kimberly69@lawson-morton.net,Constanta,Greece
Jose,Sawyer,tleach@mullins.com,Cluj-Napoca,Bulgaria
Jeffrey,Martinez,thompsondarren@hernandez-richards.com,Cluj-Napoca,Bulgaria
John,Joseph,marychavez@gill.com,Targoviste,Serbia
Barbara,Davis,colemantiffany@waters-edwards.com,Varna,Greece
Mark,Hodge,whitneybradshaw@gmail.com,Ruse,Bulgaria
Amy,Hardy,annawashington@gmail.com,Sofia,United Kingdom
Brittany,Gordon,everetteric@henderson-sparks.com,Varna,Ukraine
Cody,Gomez,hansenbrian@williams.com,Cluj-Napoca,Serbia
Noah,Martinez,mbecker@clark-sanders.com,Constanta,Bulgaria
Linda,Manning,jessicamccullough@ayers.com,Ruse,Romania
Miranda,Jones,iramirez@cooper.com,Constanta,Russia
John,Cruz,jack23@wong-warren.com,Bucharest,Germany
Jacob,Ross,frederickmunoz@hoover.com,Cluj-Napoca,Poland
Kyle,Gill,joshuanelson@smith.org,Varna,Germany
Tracy,Rivera,fmckinney@yahoo.com,Ruse,Poland
Sarah,Watson,julia04@stewart-howell.com,Cluj-Napoca,Romania
Leon,Price,leahclay@allen.biz,Cluj-Napoca,Greece
Michael,Waller,rachel99@gmail.com,Ruse,Serbia
Maurice,Mckenzie,joseph52@taylor-wells.net,Burgas,Greece
Morgan,Collins,xhanson@hotmail.com,Cluj-Napoca,United Kingdom
Daniel,Davenport,carlahenry@harris.com,Cluj-Napoca,Serbia
Jennifer,Cole,samuel82@hotmail.com,Varna,Ukraine
Teresa,Ford,bross@yahoo.com,Burgas,Poland
Michael,Garcia,lisapatterson@yahoo.com,Plovdiv,Serbia
Vicki,Jefferson,wareedward@hotmail.com,Constanta,Serbia
Joshua,Dennis,mcgeeerica@baird.com,Varna,United Kingdom
Alicia,George,ernest26@lopez.com,Ruse,Russia
Nicole,Cummings,jessewilson@gmail.com,Varna,Romania
Brian,Pearson,stephenmatthews@smith.com,Varna,Bulgaria
Victor,Briggs,stephanierivera@yahoo.com,Burgas,Ukraine
Breanna,Gardner,denise63@gmail.com,Cluj-Napoca,Poland
Ryan,Gilbert,roachmarissa@mayer-henderson.biz,Constanta,Russia
Maria,Smith,jasonsmith@yahoo.com,Targoviste,Serbia
Tracy,Greene,hwright@gmail.com,Sofia,Serbia
Melanie,Jenkins,hdonovan@quinn.info,Sofia,Bulgaria
Scott,Pena,edwardsrandall@gmail.com,Sofia,Greece
Douglas,Flores,michaelmyers@hotmail.com,Varna,United Kingdom
Thomas,Taylor,mackrichard@clarke.com,Sofia,Romania
Travis,Watkins,tuckerjenna@yahoo.com,Cluj-Napoca,Poland
Paul,Wilcox,jonespaul@wiley.com,Bucharest,Serbia
Ryan,Obrien,vharrison@pineda-bishop.biz,Cluj-Napoca,Bulgaria
Kenneth,Hill,katherine64@love.com,Targoviste,Romania
Kelly,Page,escobartristan@smith.com,Constanta,Romania
David,Baxter,wbush@holmes.info,Ruse,United Kingdom
Eileen,Walton,landryandrea@yahoo.com,Varna,Poland
Tiffany,Foster,cynthia40@carr.com,Varna,Russia
Molly,Thomas,hornmonica@gmail.com,Plovdiv,Greece
Victor,Reyes,thill@beck-martin.com,Burgas,Russia
Daniel,Yang,paulhendricks@shaw.com,Cluj-Napoca,Ukraine
Shannon,Melendez,andreatravis@hotmail.com,Bucharest,Bulgaria
Sarah,Myers,wrightkrystal@bennett-duarte.com,Constanta,Germany
Stephen,Rios,padillalisa@gmail.com,Varna,Bulgaria
John,Hughes,jefferyherman@young.com,Ruse,Russia
Sarah,Tucker,ndavies@yahoo.com,Plovdiv,Serbia
Joshua,Hunt,micheleroman@gmail.com,Bucharest,Poland
Angela,Gomez,kblackwell@yahoo.com,Sofia,Bulgaria
Stephanie,Stone,rwilliams@hotmail.com,Plovdiv,Bulgaria
William,Greene,ijimenez@reyes.info,Cluj-Napoca,Bulgaria
Shirley,Larson,bbean@hotmail.com,Sofia,United Kingdom
Kim,Duarte,rebeccamoody@hotmail.com,Sofia,Russia
Isaac,Pierce,donald85@gmail.com,Burgas,Serbia
Kyle,Lang,cookpeter@yahoo.com,Varna,Ukraine
Jeanette,Hart,rebecca22@barber.org,Bucharest,Ukraine
Zachary,Cochran,barbara65@carpenter-hutchinson.org,Cluj-Napoca,Romania
Megan,Watts,robinsonadrienne@yahoo.com,Sofia,Germany
Andrea,Griffin,efuller@hotmail.com,Cluj-Napoca,Ukraine
William,Duran,adam31@gmail.com,Burgas,Romania
Jennifer,Villarreal,mpreston@yahoo.com,Constanta,United Kingdom
Juan,Mccormick,davidowens@velasquez.com,Bucharest,Greece
Erika,Rowe,smora@jackson.com,Bucharest,Romania
Susan,Tran,robert13@yahoo.com,Targoviste,Bulgaria
Angela,Camacho,alisonjordan@gmail.com,Varna,Romania
April,Thompson,nicholasgentry@yahoo.com,Sofia,United Kingdom
Julie,Stark,sjohnson@stewart-mckinney.com,Varna,Romania
Shannon,Daniels,jaylynch@yahoo.com,Targoviste,Bulgaria
Evan,Washington,coopermatthew@walter.org,Cluj-Napoca,Ukraine
Matthew,Carson,williamsrichard@yahoo.com,Sofia,United Kingdom
Tiffany,Eaton,nguyenkenneth@greene-mccarthy.org,Bucharest,United Kingdom
Marco,Barton,stephenashley@jones-walker.com,Plovdiv,Germany
Anthony,Alvarado,robin79@edwards.com,Burgas,Serbia
Steven,Summers,smithmargaret@hotmail.com,Cluj-Napoca,Serbia
Walter,Greer,laurahobbs@holmes.com,Ruse,Poland
Steven,Ibarra,pgonzalez@james.com,Burgas,Serbia
Kelly,Martin,lisabutler@montgomery-baker.com,Cluj-Napoca,Ukraine
Danny,Hardy,ksalas@yahoo.com,Sofia,Germany
Joyce,Sanchez,christinewilson@hotmail.com,Bucharest,Poland
Austin,Jones,jacobwright@hotmail.com,Targoviste,Ukraine
Brooke,Hernandez,ingramkimberly@holt.info,Bucharest,Germany
Andrea,Mcguire,schultzkimberly@yahoo.com,Plovdiv,United Kingdom
Meghan,Lee,sethhobbs@yahoo.com,Bucharest,Ukraine
Nichole,Zuniga,elizabethcollins@lambert.com,Targoviste,Serbia
Kathryn,Davidson,sancheznathaniel@love.com,Burgas,Bulgaria
Michael,Chavez,andersongeorge@jensen-barrett.info,Ruse,Greece
Holly,Hunter,victorgilbert@yahoo.com,Cluj-Napoca,Poland
Tyler,Poole,hoodterrence@hotmail.com,Burgas,Russia
Jasmine,Rodriguez,catherine27@jimenez.info,Ruse,Romania
Wendy,Collier,rubenjohnson@yahoo.com,Constanta,Greece
James,Peters,vstrong@yahoo.com,Ruse,Greece
Jason,Ortiz,brenda72@porter-collins.com,Ruse,Serbia
Destiny,Reynolds,dylanwest@hotmail.com,Targoviste,Romania
Gloria,Bautista,taylorcarolyn@gutierrez.org,Cluj-Napoca,Ukraine
Kristen,Santiago,danieldoyle@gmail.com,Burgas,Ukraine
Daniel,White,douglasbrianna@hotmail.com,Burgas,Russia
Nicholas,Lewis,nicholasmoore@hotmail.com,Burgas,Serbia
Jill,Davidson,justin29@fisher.biz,Cluj-Napoca,Germany
Meagan,Porter,zanderson@gmail.com,Constanta,Bulgaria
Christopher,Sherman,davidleblanc@perez.net,Constanta,Serbia
Tristan,Wiggins,mullencrystal@johnson-james.com,Ruse,United Kingdom
Seth,Anderson,mclaughlinangela@barnes-miranda.com,Cluj-Napoca,Poland
Joseph,Mcdowell,brandy36@yahoo.com,Bucharest,United Kingdom
Vicki,Sutton,vlopez@gmail.com,Sofia,Poland
Daniel,Rodriguez,ycarey@yahoo.com,Bucharest,Greece
Amanda,Obrien,blopez@yahoo.com,Plovdiv,Serbia
Ryan,Schneider,bennettshane@reynolds-avila.info,Targoviste,Russia
Robert,Campos,brendamoore@schultz.com,Targoviste,Ukraine
Yolanda,Jones,stephensantonio@villa.com,Sofia,Poland
Matthew,Aguilar,elizabethgarcia@gmail.com,Plovdiv,Ukraine
Amber,Graham,vpace@wilson.info,Varna,Russia
Michael,Tran,allisonturner@hotmail.com,Cluj-Napoca,Poland
Joseph,Goodman,kholden@gmail.com,Cluj-Napoca,Greece
Margaret,Cook,rachel50@gmail.com,Sofia,Serbia
Kimberly,Nolan,cbradford@yahoo.com,Plovdiv,Ukraine
Maureen,Bowman,xdaniel@hotmail.com,Cluj-Napoca,United Kingdom
Michelle,Valenzuela,michelecole@gmail.com,Bucharest,Germany
Patricia,Fuentes,emily63@carter.com,Cluj-Napoca,Serbia
Edward,Clark,teresapratt@rodriguez.org,Varna,Serbia
Brandon,Anderson,crystalcole@stark.biz,Varna,Greece
Jennifer,Armstrong,heidi80@cook.com,Targoviste,Romania
Brenda,Nolan,jennifer80@yahoo.com,Plovdiv,Serbia
David,Powell,csmith@rose-dalton.org,Ruse,Russia
Edward,Snyder,megan22@hotmail.com,Plovdiv,Serbia
Eric,Walters,michael96@gmail.com,Burgas,United Kingdom
David,Lindsey,evelynsmith@lynch.net,Varna,Bulgaria
Kristen,Gomez,ugarcia@maldonado.info,Targoviste,Poland
Daniel,Smith,ddavis@mcconnell-bullock.info,Ruse,Bulgaria
Zachary,Blevins,crystaledwards@bradford.com,Cluj-Napoca,Serbia
Andrew,Robles,gsantiago@miranda-ellis.org,Sofia,Germany
Wesley,Allen,mcgeejo@yahoo.com,Targoviste,Germany
Lisa,Bean,monica41@hotmail.com,Ruse,Poland
Reginald,Frazier,trivera@hotmail.com,Bucharest,Greece
Emily,Wallace,rachelhenderson@holland-salazar.net,Sofia,Bulgaria
Amy,Bishop,thompsonjonathan@nguyen.biz,Targoviste,Poland
Kimberly,Lopez,mollyking@gmail.com,Targoviste,Serbia
Jacqueline,Smith,emily47@yahoo.com,Constanta,United Kingdom
Angela,Schroeder,lisa33@diaz.org,Ruse,Greece
Nancy,Wilcox,michaelmaldonado@davis-stewart.biz,Burgas,Romania
Edward,Madden,myersmary@hotmail.com,Cluj-Napoca,Poland
Jodi,Johnston,adam82@yahoo.com,Varna,Poland
Dylan,Morris,smithmonica@barton.biz,Burgas,Serbia
Edward,Kerr,melissacastillo@scott.org,Targoviste,United Kingdom
Allen,Cobb,jonesroy@perry-nunez.org,Sofia,Russia
Kristen,Palmer,zwhite@thompson.com,Ruse,Russia
Patricia,Vaughn,cjordan@young.com,Ruse,Ukraine
Michael,Brown,allen24@ford-morris.com,Cluj-Napoca,Greece
Julia,Murphy,codyhall@townsend.net,Targoviste,Serbia
Paul,Haynes,mike44@hotmail.com,Ruse,Germany
Christina,Rice,mary34@arellano-acosta.com,Varna,Bulgaria
Katherine,Mosley,deborahgould@yahoo.com,Cluj-Napoca,Romania
Jeffrey,Browning,walshtiffany@gmail.com,Burgas,Romania
Robert,Lee,chavezdonald@bush-padilla.com,Burgas,Romania
Shawn,Williams,wlin@brock.com,Constanta,Poland
Joe,Vang,amy71@smith-johnson.org,Constanta,United Kingdom
Jeffrey,Roy,trogers@stewart-oconnor.com,Cluj-Napoca,Germany
Theresa,Smith,willismary@hotmail.com,Burgas,Poland
Meghan,Griffin,ewashington@hotmail.com,Cluj-Napoca,Poland
Jerome,Gordon,nhenry@berg.biz,Targoviste,United Kingdom
Walter,Lee,uwashington@yahoo.com,Sofia,Greece
Karl,Ortiz,lopezmike@gmail.com,Cluj-Napoca,Poland
Michael,Cook,timothy39@yahoo.com,Sofia,Russia
Robert,Aguirre,bnelson@hotmail.com,Varna,Germany
Patricia,Holder,ericfernandez@hotmail.com,Varna,Poland
Becky,Hudson,thoover@atkins.com,Burgas,Romania
Amy,Norris,thomas32@gonzalez-jones.net,Varna,Greece
Rebecca,Wu,westrada@gmail.com,Cluj-Napoca,Greece
Ronnie,Gilbert,foxjoshua@gmail.com,Varna,Poland
Stacy,Davis,fullerchristopher@gmail.com,Ruse,Poland
Haley,Long,clarkmatthew@murphy.com,Varna,Serbia
Travis,Schwartz,sullivanphilip@gmail.com,Sofia,Romania
Stephen,Porter,johnthompson@turner-rose.net,Constanta,Russia
Susan,Hernandez,jacobcollins@carter.com,Ruse,Ukraine
Victor,Davis,mriley@aguilar-campos.biz,Sofia,United Kingdom
Brian,Herrera,oware@morris-campbell.net,Constanta,Romania
Beth,Duffy,cherylwallace@cruz.com,Ruse,Bulgaria
Crystal,Gutierrez,ericajohnson@glenn.com,Bucharest,Serbia
Richard,Martinez,kaitlyngonzalez@yahoo.com,Sofia,Russia
Jennifer,Holloway,ybrown@hotmail.com,Burgas,Germany
Alison,Love,dustinglenn@barr-gordon.info,Burgas,Serbia
Alvin,Lynch,josephmcfarland@williams.com,Constanta,Romania
Kimberly,Hill,tyler42@yahoo.com,Burgas,Ukraine
William,Lopez,samuelbuchanan@howard.com,Constanta,Romania
Tammy,Foley,fgriffin@hotmail.com,Sofia,Bulgaria
Joseph,Huerta,uking@jones.com,Varna,Serbia
Jeremy,Gutierrez,matthewssamuel@hotmail.com,Cluj-Napoca,Poland
Mary,Wright,pgill@hotmail.com,Plovdiv,Ukraine
Donald,Stewart,nicole61@gmail.com,Targoviste,United Kingdom
Jared,Mercado,huntchristopher@ward.com,Plovdiv,Ukraine
Nathan,Williams,wilkinsomar@hotmail.com,Constanta,Bulgaria
Felicia,Pacheco,bondalyssa@gmail.com,Ruse,Romania
Mark,Perry,riverscynthia@hurley.com,Bucharest,Germany
Amber,Anderson,lanephilip@cannon.com,Targoviste,Poland
Michelle,James,ngonzalez@hotmail.com,Sofia,Russia
Joshua,Proctor,timothytorres@rodriguez.com,Targoviste,Bulgaria
Amanda,Norris,rachel71@hotmail.com,Sofia,Poland
James,Kane,harrisjacob@briggs-jones.com,Varna,Poland
Michael,Reed,tammycoffey@brown.org,Cluj-Napoca,Bulgaria
Thomas,Walker,powerspaige@long.org,Varna,Poland
Alexis,Mcbride,uperry@gmail.com,Plovdiv,United Kingdom
Michael,Johnson,ryan07@gmail.com,Bucharest,Germany
Catherine,Thomas,monica62@hotmail.com,Cluj-Napoca,Romania
Jim,Peterson,jeffreymassey@gray.com,Bucharest,Romania
Alan,Ford,griffinlindsey@chung-garcia.info,Sofia,Greece
Elizabeth,Gordon,danielchen@gmail.com,Sofia,Serbia
Paul,Lyons,freemanrobert@taylor.org,Burgas,Poland
Suzanne,Williams,michelletrevino@gmail.com,Sofia,Romania
Christine,Morales,gallowaycraig@yahoo.com,Plovdiv,Serbia
Robert,Munoz,davidcollins@gmail.com,Sofia,Greece
Christian,Patton,taylorjennifer@ayala.com,Bucharest,Germany
Kimberly,Lopez,colin17@reed.biz,Constanta,Romania
Tonya,Edwards,charles40@hobbs-smith.com,Cluj-Napoca,United Kingdom
Kimberly,Hill,tammyward@wise.info,Targoviste,Russia
Victoria,Fox,johnstewart@gmail.com,Sofia,United Kingdom
Kenneth,Dean,michaelwilliams@welch-jordan.com,Sofia,Greece
Autumn,Cross,taylorevans@peters.biz,Targoviste,Ukraine
Tiffany,Jackson,andreajones@hotmail.com,Constanta,Greece
Laura,Curtis,nathaniel41@fuller.net,Plovdiv,Greece
Sergio,Edwards,franklinadam@gmail.com,Ruse,Greece
Veronica,Mendoza,bairdheather@west-baird.com,Burgas,Serbia
Tyler,Jones,ysoto@jackson.com,Bucharest,United Kingdom
Jessica,Cochran,nlandry@benson.info,Ruse,Serbia
Austin,Perez,howardjamie@yahoo.com,Constanta,Ukraine
Calvin,Hunter,paullewis@macdonald-hoffman.com,Sofia,Bulgaria
Eric,Reyes,zstewart@yahoo.com,Constanta,Germany
Paula,Sanders,calebdixon@hotmail.com,Sofia,Serbia
Jennifer,Quinn,qwu@walters.com,Bucharest,Bulgaria
Sandra,Huerta,ashley85@anderson.biz,Cluj-Napoca,United Kingdom
Margaret,Garcia,katherinenewton@martin.com,Targoviste,United Kingdom
William,George,jamiediaz@hotmail.com,Sofia,Germany
Christopher,Brown,sellersantonio@bell-vega.net,Constanta,United Kingdom
Jessica,Glover,michael37@robertson.com,Cluj-Napoca,United Kingdom
Stephanie,Davis,lewishannah@yahoo.com,Bucharest,Bulgaria
Anthony,Williams,richard87@hotmail.com,Constanta,Romania
Christopher,Martin,morrisrichard@gmail.com,Plovdiv,Greece
Andrew,Morgan,martinrussell@hotmail.com,Cluj-Napoca,Russia
Jacob,Bridges,oburton@hotmail.com,Sofia,Russia
Vanessa,May,robbinschristopher@hotmail.com,Targoviste,Bulgaria
Michele,Bass,travis08@kelley.com,Cluj-Napoca,Russia
Donald,Kane,rpeters@hotmail.com,Varna,Greece
Stephanie,Harris,costajeffery@barry-conley.com,Burgas,Poland
Ashley,Reed,meredith04@yahoo.com,Targoviste,Bulgaria
Leslie,Brooks,matthewhughes@gmail.com,Varna,Germany
Rodney,Smith,hayesrachel@hoffman.com,Bucharest,Serbia
Lisa,Nguyen,xburns@huang-miller.org,Plovdiv,Serbia
Karen,Miller,mark11@jackson.com,Constanta,Bulgaria
Jeffrey,Williams,riverajeremy@goodman.info,Sofia,Ukraine
Alexandra,Skinner,elizabeth55@barnes.biz,Ruse,Romania
Douglas,Brown,staceycole@brown.info,Plovdiv,United Kingdom
Christina,Evans,campbellmarcus@williams.com,Varna,Germany
Joanne,Daniels,cynthiawatts@hotmail.com,Cluj-Napoca,Greece
Benjamin,Robinson,tylermorrison@johnson.com,Ruse,Serbia
Jermaine,Thomas,wjones@miller.net,Bucharest,Serbia
Leah,Archer,morganlisa@harris.net,Sofia,Serbia
Kristie,Madden,justin10@hotmail.com,Plovdiv,United Kingdom
Eric,Bridges,xjones@gmail.com,Bucharest,Ukraine
Catherine,Moore,scook@bartlett.info,Sofia,Greece
Brian,Davidson,kchapman@gmail.com,Ruse,Ukraine
Jeffrey,Richardson,breannahall@yahoo.com,Ruse,Poland
Angela,Thomas,jackson02@jones.com,Targoviste,Ukraine
Angel,Rogers,murillomegan@humphrey.com,Sofia,Greece
Steve,Manning,cody28@hotmail.com,Burgas,Romania
Justin,Tate,stephanierice@martinez-walker.net,Cluj-Napoca,Russia
Jose,Ruiz,pwilliams@gmail.com,Varna,Russia
Denise,Edwards,gmartinez@yahoo.com,Cluj-Napoca,Ukraine
Kathy,Gonzales,bryan15@yahoo.com,Ruse,Germany
James,Rogers,rickwilson@gmail.com,Varna,Bulgaria
Katherine,Mendoza,emarquez@sawyer-barry.net,Bucharest,Bulgaria
Gabriel,Waters,kristindurham@jones.com,Sofia,Ukraine
Paula,Rogers,malloryrodriguez@yahoo.com,Burgas,Serbia
Anthony,Sanchez,ybaker@herrera.com,Burgas,Romania
Zachary,Torres,csteele@santiago.com,Bucharest,Serbia
William,Weaver,porterandrew@martinez-brooks.com,Plovdiv,Greece
Andrea,Chandler,parsonsbrad@hotmail.com,Constanta,Serbia
Linda,May,lmcdonald@guzman.org,Cluj-Napoca,Russia
Michael,Swanson,oelliott@gmail.com,Bucharest,Ukraine
Johnathan,Moore,ablevins@clark.com,Ruse,Serbia
Alexander,Goodman,jenniferpatterson@love.com,Burgas,Bulgaria
Denise,Roberts,marksmith@stevens-simmons.com,Bucharest,Russia
Kenneth,Hahn,christopherward@knapp-wolfe.com,Ruse,Ukraine
Karen,Smith,phillipsjoseph@dunn.com,Constanta,Poland
Carol,Ross,hillnicole@williams-gonzalez.net,Cluj-Napoca,Romania
Lisa,Gonzales,ebarber@yahoo.com,Ruse,Romania
Sarah,Chavez,candicemorris@yahoo.com,Cluj-Napoca,United Kingdom
Kevin,Garza,tracy62@hotmail.com,Plovdiv,Russia
Christopher,Mueller,grahamwilliam@gmail.com,Ruse,Russia
Paul,Melton,charleslee@li.com,Plovdiv,Ukraine
Nicole,Roberts,meredithpowell@jones.com,Varna,Ukraine
Leah,Johnson,ljohns@yahoo.com,Targoviste,Ukraine
Rebecca,Nicholson,hwatson@yahoo.com,Sofia,Ukraine
Kayla,Campbell,carla52@price.com,Targoviste,United Kingdom
Chad,Randall,psmith@hotmail.com,Bucharest,Ukraine
Caroline,Leach,williamferrell@hotmail.com,Sofia,Greece
Jessica,Bryant,johnsonjared@lowe-hale.com,Plovdiv,Greece
Nathan,Wilkinson,bushtracy@yahoo.com,Cluj-Napoca,Poland
Crystal,Anderson,etaylor@gmail.com,Plovdiv,Russia
Angela,Ward,robertgould@hotmail.com,Plovdiv,Germany
Tanner,Sexton,montesjasmine@turner.com,Varna,Bulgaria
Glen,Mendez,sara54@vargas.com,Cluj-Napoca,Germany
Erin,Stevens,jasonrussell@gonzales.org,Burgas,Poland
Edward,Henson,alicialeon@collier.com,Bucharest,United Kingdom
Robin,Rodriguez,taylorjohn@gmail.com,Varna,Ukraine
Kevin,Miller,areese@hotmail.com,Sofia,Greece
Adam,Rivers,tyoung@hotmail.com,Ruse,Poland
Lori,Guerrero,lisa34@hotmail.com,Burgas,Romania
Jessica,Wong,harpermisty@hotmail.com,Constanta,Poland
Oscar,Phillips,taylorryan@webb.com,Bucharest,Poland
Justin,Johnson,ledavid@hotmail.com,Constanta,United Kingdom
Breanna,Williams,martinezjames@gmail.com,Bucharest,Ukraine
Tanya,Beard,burtonjonathan@yahoo.com,Burgas,Ukraine
Crystal,Watkins,breweranthony@hotmail.com,Ruse,Romania
Katherine,Bender,troyhines@hotmail.com,Burgas,Germany
Debbie,Reed,ihale@gmail.com,Burgas,Germany
Shane,Sullivan,jared59@hotmail.com,Constanta,Bulgaria
Kelsey,Clark,lisa79@jones.org,Cluj-Napoca,United Kingdom
Diane,Underwood,chris33@hopkins.org,Varna,Germany
James,Dorsey,sullivanmichael@james.net,Constanta,Russia
Andrea,Nichols,robbinsmolly@ortiz.com,Sofia,Greece
Jeffrey,Douglas,brandon54@mckee.com,Ruse,Romania
David,Chambers,hannahpeterson@gmail.com,Burgas,Germany
Tina,Walker,lopezmichael@yahoo.com,Sofia,Germany
Ronald,Banks,timothy35@anderson.org,Sofia,United Kingdom
Ivan,Hoover,johnsonalison@hotmail.com,Cluj-Napoca,Romania
William,Holt,floydtyrone@gmail.com,Bucharest,Serbia
Kimberly,Shaw,rodney32@wells.info,Ruse,Romania
Andrea,Beck,danielle49@mitchell.com,Cluj-Napoca,Serbia
Thomas,May,vedwards@kelly-hardy.info,Burgas,Romania
James,Todd,myerscarla@banks-conway.info,Constanta,Russia
Barbara,Clements,johnsonjonathan@garcia-hunt.com,Sofia,Romania
Frank,Reyes,stacey17@lamb.com,Burgas,Greece
Samantha,Davis,johnsonkenneth@gibbs.com,Cluj-Napoca,Russia
Haley,Green,josediaz@hotmail.com,Bucharest,Bulgaria
Christopher,Valencia,waltercisneros@hotmail.com,Sofia,Russia
Richard,Wagner,craig15@hotmail.com,Ruse,United Kingdom
Gabrielle,Silva,sharonolson@tanner.org,Ruse,United Kingdom
Kevin,Foster,mossamy@conley.net,Varna,Serbia
James,York,cbrown@white-foster.com,Sofia,Ukraine
Edward,Adams,jessica73@yahoo.com,Constanta,Russia
Nathan,Soto,grahammaureen@lyons-burns.info,Ruse,Bulgaria
Julia,Russo,freed@gmail.com,Cluj-Napoca,Poland
Daniel,Nash,torresnathan@hotmail.com,Burgas,Russia
Bonnie,Smith,kathymyers@hotmail.com,Cluj-Napoca,Germany
Jessica,Castro,fhorn@gmail.com,Burgas,Romania
Taylor,Webster,christopherfigueroa@johnston.com,Bucharest,Ukraine
Sandra,Jones,kaitlyn44@anderson.com,Bucharest,Ukraine
Jerry,Torres,michael28@lin.com,Sofia,Russia
Anne,Barr,rhogan@perez.com,Cluj-Napoca,Russia
Theresa,Williams,deniseshaw@monroe.info,Burgas,Russia
Chase,Allen,priceyolanda@hotmail.com,Targoviste,Serbia
Ariana,Alexander,stevenholland@shaw.biz,Plovdiv,Germany
James,Reed,cabreraamanda@barker.com,Ruse,Serbia
Megan,Day,gregory34@hotmail.com,Targoviste,Poland
Robert,Hernandez,eric50@yahoo.com,Targoviste,Bulgaria
William,Gilbert,peter73@gmail.com,Varna,Poland
Christina,Guzman,jeremyanderson@hotmail.com,Bucharest,Poland
Joseph,Perry,robert35@hammond-short.com,Constanta,Romania
Austin,Owens,ellislauren@yahoo.com,Ruse,Germany
Mary,Dennis,xramirez@gmail.com,Burgas,Bulgaria
Pamela,Martin,rogerslisa@gmail.com,Burgas,Ukraine
Sergio,Fox,curtis85@montoya.com,Constanta,Serbia
Eric,Gardner,hammondpaul@leach.com,Burgas,Romania
Dale,Mclaughlin,stevensterri@gmail.com,Varna,United Kingdom
Thomas,Gonzalez,ule@yahoo.com,Cluj-Napoca,United Kingdom
Adrian,Hancock,cookkenneth@ramos-ball.com,Varna,Ukraine
Ariel,Castro,carterhaley@cline-myers.biz,Targoviste,Germany
Trevor,Bailey,ymichael@gmail.com,Varna,Greece
Tiffany,Williams,uwallace@hotmail.com,Constanta,Poland
Jerry,Duncan,sergio85@roberts.org,Cluj-Napoca,Greece
Michelle,Lopez,brownangela@garcia-freeman.com,Targoviste,United Kingdom
Daniel,Hartman,jefferynelson@yahoo.com,Sofia,Poland
Mark,Mullins,thomaswilliams@mann.org,Cluj-Napoca,Germany
Monique,Diaz,richard50@barrett-garcia.com,Bucharest,Germany
Louis,Lucas,sarahthompson@hotmail.com,Burgas,Bulgaria
Maurice,Phillips,gmason@hotmail.com,Ruse,Serbia
James,Strickland,megan35@singh-summers.com,Constanta,Germany
Todd,Eaton,rachel83@gmail.com,Plovdiv,Poland
Rebecca,Hansen,jessicasimmons@lewis-bailey.com,Sofia,Greece
James,Burke,cameron52@hotmail.com,Targoviste,United Kingdom
Samuel,Jones,victor56@wilson.com,Ruse,United Kingdom
John,Lee,eyoung@young.com,Bucharest,Greece
Julie,Simon,kathleenblair@gmail.com,Plovdiv,Bulgaria
Jason,Mccarty,davidallen@hotmail.com,Plovdiv,Germany
Julie,Anderson,travisalvarez@yahoo.com,Constanta,Romania
Brandon,Andrews,allisonmichael@harrison-wilson.com,Cluj-Napoca,Ukraine
Amanda,Vasquez,karensmith@yahoo.com,Cluj-Napoca,Ukraine
Erin,Smith,alejandrojohns@gmail.com,Bucharest,Ukraine
James,Atkinson,qsellers@yahoo.com,Burgas,Poland
Luis,Lee,ypetersen@wallace-foster.com,Constanta,Ukraine
Melanie,Miller,jenningsmonica@yahoo.com,Sofia,Bulgaria
Karen,Francis,heather12@wilson.com,Constanta,Germany
Christopher,Adams,gary38@gmail.com,Constanta,Greece
Hunter,Hunter,anabryant@hotmail.com,Targoviste,Greece
Jonathan,Johnson,donnamassey@dennis.com,Plovdiv,Russia
John,Marshall,stephanieholloway@yahoo.com,Ruse,Serbia
Mandy,Gillespie,keithfoster@hotmail.com,Varna,Poland
James,Lang,adamsstephanie@lynn.biz,Varna,Germany
Ronald,Perez,corey36@gmail.com,Plovdiv,Russia
Stephen,Patel,regina78@smith-king.com,Sofia,Poland
Amy,Johnson,greenejames@morales.com,Varna,Serbia
Billy,Combs,zunigashane@yahoo.com,Constanta,Greece
Kim,Roberts,stephen83@davila.com,Bucharest,Ukraine
Adam,Flores,mirandagomez@hotmail.com,Burgas,Russia
Paul,Stevens,lisa01@yahoo.com,Plovdiv,Serbia
Sarah,Jimenez,stephanie98@blackwell.info,Constanta,Serbia
Christine,Simmons,fwatkins@hayes-johnson.com,Plovdiv,Germany
Dustin,Daniel,alicehenson@gmail.com,Targoviste,Serbia
James,Rogers,hsanders@garcia-maldonado.com,Constanta,Russia
Kimberly,Howard,dominguezkaren@reeves.com,Bucharest,Germany
Olivia,Wong,mthompson@hotmail.com,Plovdiv,Serbia
Jamie,Morgan,olivia77@erickson.com,Constanta,Poland
Robert,Carter,robertdavis@hall-hughes.net,Plovdiv,Romania
Kurt,Smith,jjones@anderson-burns.com,Plovdiv,Serbia
Melissa,Thompson,graylindsay@yahoo.com,Ruse,Poland
Aaron,Moore,seananderson@williams.com,Constanta,Romania
Connie,Chang,murraycarolyn@yahoo.com,Varna,Poland
Raven,Martin,matthewshepard@gmail.com,Sofia,United Kingdom
Karen,Wade,qalvarado@gmail.com,Sofia,Ukraine
Jose,Wong,shermanevelyn@carr-robles.com,Bucharest,Bulgaria
Tamara,Tate,bennettangela@coffey.info,Burgas,Bulgaria
Mark,Jacobs,adamsandrea@smith.biz,Cluj-Napoca,Serbia
Barbara,Davis,griffithdaniel@hotmail.com,Ruse,Germany
Lauren,Gay,karenhogan@bell.com,Burgas,Greece
Meghan,Huynh,dmejia@cruz.biz,Constanta,Romania
Lawrence,Maldonado,ronald30@hotmail.com,Constanta,Serbia
Christopher,Hill,ujones@hotmail.com,Ruse,Serbia
Jessica,Fisher,lovejulie@foster-ortiz.com,Burgas,Russia
Thomas,Miller,sarasimon@brown-jensen.net,Ruse,Germany
Daniel,Swanson,barbaraadams@gmail.com,Sofia,Ukraine
Brooke,Robbins,williskimberly@williams.com,Plovdiv,Serbia
Sylvia,Powell,howardjamie@yahoo.com,Varna,Bulgaria
Jose,Williams,snyderchristina@gmail.com,Ruse,Greece
Jennifer,Serrano,tylerperry@yahoo.com,Sofia,United Kingdom
Matthew,Allen,dominique32@evans-bush.com,Plovdiv,Ukraine
Kristy,Lee,fernandeznorman@hotmail.com,Constanta,Greece
Lindsey,Green,fcarter@yahoo.com,Targoviste,Bulgaria
Kristin,Leach,denisemay@brown.com,Sofia,Serbia
Stephanie,Cruz,thomasjoseph@davis.biz,Cluj-Napoca,Germany
Randall,Williams,sarah73@gmail.com,Sofia,Serbia
Kristin,Todd,sarahwatson@fowler.com,Targoviste,Ukraine
Deborah,Mason,clarkkimberly@gmail.com,Cluj-Napoca,Romania
Annette,Willis,kristin59@hotmail.com,Ruse,Romania
Anthony,Williams,edwardfaulkner@gomez-moore.com,Bucharest,Bulgaria
Martha,Becker,drojas@yahoo.com,Varna,Greece
Brent,Vaughn,alexandra71@gmail.com,Plovdiv,Greece
Matthew,Ortiz,deborah38@rose.net,Cluj-Napoca,Poland
John,Shannon,gardnerrachel@stephens.com,Cluj-Napoca,Bulgaria
Edward,Powell,danamoore@rodriguez.org,Varna,Serbia
Carl,Walls,staylor@yahoo.com,Burgas,Poland
Amy,Dickerson,danielramos@stark-baker.com,Burgas,Greece
Leslie,Carter,charleskelley@gmail.com,Bucharest,Romania
Shelby,Jones,qjoyce@gmail.com,Sofia,Greece
Christopher,Paul,sarahwalker@cooper-brown.info,Cluj-Napoca,United Kingdom
Heather,Bishop,melvinsmith@hotmail.com,Bucharest,Romania
Matthew,Dixon,mjensen@smith.com,Ruse,Serbia
Michael,James,jasontownsend@alexander.biz,Varna,Bulgaria
Bryan,Padilla,bhester@yahoo.com,Targoviste,Romania
Brandi,Jordan,randall04@yahoo.com,Plovdiv,Ukraine
Christine,Stanton,williamsstephanie@mendez-castaneda.info,Targoviste,Ukraine
Frank,Garcia,michael43@sweeney-horton.com,Bucharest,Romania
Brenda,Clark,wardgregory@cisneros.biz,Bucharest,Ukraine
Joe,Whitehead,gabrielle33@myers.com,Sofia,Bulgaria
Leah,Walker,nguyenmichael@hotmail.com,Targoviste,Germany
Shannon,Willis,mariafarley@garcia-whitaker.com,Ruse,Bulgaria
Karen,Allen,whubbard@hotmail.com,Bucharest,Romania
Nathaniel,Holder,moorematthew@yahoo.com,Ruse,Russia
Andrew,Maldonado,ryan34@gmail.com,Burgas,Serbia
Arthur,Bowman,cookkelly@gmail.com,Constanta,Bulgaria
David,Heath,jenniferhodges@gmail.com,Burgas,Romania
Mitchell,Reyes,ryanbush@campbell.info,Burgas,Poland
Mary,Mercado,luiswilliams@hotmail.com,Plovdiv,Romania
Randall,Butler,colleen24@yahoo.com,Sofia,Poland
Joseph,Flores,qjohnson@hotmail.com,Cluj-Napoca,United Kingdom
Christopher,Schwartz,corey68@harris.com,Plovdiv,Ukraine
Kristin,Stone,mnavarro@rose-cline.info,Targoviste,United Kingdom
James,Malone,nunezricky@yahoo.com,Constanta,Poland
Adam,Boone,candice24@howard.info,Varna,Poland
Peter,Montoya,josephlopez@bradley-cruz.info,Targoviste,Russia
Natalie,Moore,utaylor@park.com,Sofia,Serbia
Laura,Davis,jamespadilla@gmail.com,Varna,Germany
Jessica,Nunez,woodsamuel@rogers.com,Burgas,Greece
Sarah,Mckinney,joseph47@ashley.biz,Cluj-Napoca,Romania
Jennifer,Harrison,yolandataylor@hotmail.com,Ruse,Romania
Amy,Bowman,blankenshipjeffrey@knight-carter.com,Varna,Greece
Julie,Huff,cpayne@yahoo.com,Ruse,Russia
Karen,Porter,shortmaria@yahoo.com,Bucharest,Ukraine
Maria,Martin,ochapman@hotmail.com,Plovdiv,Poland
Robert,Morgan,barberdaniel@gmail.com,Sofia,Serbia
Brent,White,handerson@yahoo.com,Bucharest,Romania
Amanda,Mclaughlin,chelsea76@boyd.com,Varna,Ukraine
Amanda,Norton,erika87@gmail.com,Plovdiv,Germany
Brent,Rivera,glassnina@patton.net,Cluj-Napoca,Romania
Jeffrey,Dominguez,qdillon@gmail.com,Cluj-Napoca,Ukraine
Timothy,Schultz,sanderscharles@brown.com,Bucharest,Germany
Laura,Cruz,harveyjulie@donaldson-bond.com,Varna,Greece
Maria,Sheppard,fsexton@dillon.com,Varna,United Kingdom
Joan,Taylor,hbaker@hotmail.com,Burgas,Bulgaria
Sherry,Roberson,eharris@hotmail.com,Burgas,Greece
Suzanne,Ramirez,matthew62@yahoo.com,Cluj-Napoca,Ukraine
Roberto,Knight,xfisher@jones.org,Cluj-Napoca,Romania
Mary,Price,pbell@yahoo.com,Cluj-Napoca,Romania
Lisa,Henson,hroy@robinson.com,Burgas,Romania
Allen,Lutz,wilcoxadam@singh.org,Varna,Serbia
Sandra,Fernandez,ejones@bailey-gould.biz,Bucharest,Bulgaria
Lauren,Vargas,gnelson@knox-williams.com,Varna,Ukraine
Jennifer,Hardy,stephaniescott@huerta-bennett.com,Cluj-Napoca,Ukraine
Christopher,Mcdaniel,davidberg@baker.com,Plovdiv,Romania
Ariel,Hardy,josephpruitt@yahoo.com,Sofia,Greece
Ashley,Hall,aflores@gmail.com,Plovdiv,Russia
Kristen,Burch,joneslaura@francis.com,Cluj-Napoca,United Kingdom
Alex,Hoffman,tracey27@torres.net,Cluj-Napoca,Germany
Xavier,Willis,lambertrobert@rivera.com,Targoviste,United Kingdom
Jenna,Hall,michaelanderson@anderson.com,Sofia,Germany
Joanna,Wright,jasongomez@hotmail.com,Constanta,Poland
Austin,Pennington,robert52@yahoo.com,Targoviste,Romania
Travis,Vasquez,iknapp@blackwell-barnes.com,Varna,Romania
Amy,Lowery,glee@gmail.com,Sofia,Bulgaria
Mike,Rodriguez,washingtondawn@gmail.com,Ruse,Germany
Timothy,Oliver,lesliegraham@rhodes.org,Sofia,Bulgaria
Jennifer,George,phillipssusan@hotmail.com,Targoviste,Serbia
Heather,Daniels,villajane@yahoo.com,Plovdiv,Serbia
Daniel,Cunningham,rodriguezjoseph@hotmail.com,Sofia,Germany
Ryan,Munoz,elizabeth94@gmail.com,Burgas,Poland
James,Tran,stevenjones@allen-diaz.com,Sofia,Germany
Lori,Miller,christinelozano@garza.com,Cluj-Napoca,Poland
Daniel,Davis,moralesmichael@watson-baker.info,Plovdiv,Ukraine
Juan,Odonnell,zreed@collins-martinez.com,Varna,Germany
Jon,Webb,mcfarlandkimberly@yahoo.com,Cluj-Napoca,Greece
Amy,Burns,jpeterson@hunter.com,Sofia,Poland
Jennifer,Flores,ydavis@morris.com,Targoviste,Germany
Joseph,Sullivan,jasonpayne@harper.net,Plovdiv,United Kingdom
Thomas,Klein,amandagrant@hotmail.com,Cluj-Napoca,Bulgaria
Erin,Smith,matthewporter@hotmail.com,Cluj-Napoca,United Kingdom
Ashley,Hanson,morgan29@ruiz.net,Targoviste,Serbia
Jeremy,Stewart,hraymond@young-morris.com,Sofia,Ukraine
Patricia,Anderson,tcampbell@williams.com,Constanta,Bulgaria
Steven,Reeves,walkerchristine@hotmail.com,Plovdiv,Russia
Casey,Woods,lolson@woods-pacheco.com,Varna,Greece
Jessica,Powell,jenniferstewart@foster.com,Cluj-Napoca,Romania
Michael,Johnson,katelyn26@nunez-duran.com,Varna,Poland
Thomas,Bean,justinjordan@hotmail.com,Constanta,Russia
Matthew,Horton,ykelley@gmail.com,Bucharest,Germany
Susan,Mcconnell,jacksonbreanna@hotmail.com,Plovdiv,Bulgaria
Christopher,Thompson,thompsonadrienne@clark.info,Plovdiv,Bulgaria
Joshua,Riddle,kphillips@brady-thomas.biz,Burgas,Ukraine
Heather,Walker,rhondahansen@sullivan.info,Cluj-Napoca,Greece
Patrick,Williams,sreyes@rodriguez.com,Sofia,Russia
Christian,Carpenter,daviskristy@gmail.com,Burgas,Germany
Todd,Vincent,rebeccapadilla@howell.net,Targoviste,Romania
Harry,Cline,khopkins@mccarthy.com,Sofia,Serbia
John,Dixon,griffincourtney@ferguson-garcia.org,Sofia,Poland
Rachel,Howell,joshuaharris@yahoo.com,Ruse,United Kingdom
Jennifer,Larson,lpearson@yahoo.com,Sofia,Bulgaria
Jesse,Smith,phampton@smith-morrison.info,Bucharest,Germany
Patricia,Martin,justinturner@dennis.com,Varna,Germany
Matthew,Williams,paul51@conner.com,Bucharest,Poland
Brian,Bowman,graveswilliam@hotmail.com,Plovdiv,Bulgaria
Debbie,Williams,bakerlawrence@davis-morrison.net,Burgas,United Kingdom
Michael,Adams,smelendez@maddox.info,Ruse,Serbia
Angela,Wilson,hughesamber@gmail.com,Constanta,Serbia
Michelle,Mccarthy,murraykatherine@hotmail.com,Burgas,Poland
Savannah,Miller,ifletcher@stewart.net,Plovdiv,Serbia
Brian,Delgado,tbrown@allen-hale.com,Varna,United Kingdom
Patricia,Black,thomas07@hotmail.com,Ruse,Russia
Linda,Gonzalez,evansheather@yahoo.com,Targoviste,Ukraine
Ryan,Coffey,bakerdeborah@hotmail.com,Ruse,Greece
Sandra,Johnson,floresjesse@hernandez.info,Cluj-Napoca,Bulgaria
Alexander,Parrish,garyhenderson@hotmail.com,Ruse,United Kingdom
Lisa,Nelson,andersonsara@hotmail.com,Ruse,Poland
Victoria,Wright,campbellmichael@alvarez.com,Sofia,Russia
Oscar,Warren,browndavid@gmail.com,Constanta,United Kingdom
Julia,Gallegos,cdaniels@hotmail.com,Burgas,Greece
Michael,Gallagher,zherring@bailey.com,Plovdiv,Romania
Brenda,Rodriguez,jessica27@hotmail.com,Targoviste,Russia
Kevin,Nelson,ronaldkramer@davis.com,Sofia,Germany
Joseph,Anthony,deborahjohnson@hotmail.com,Targoviste,Bulgaria
Victoria,Cole,carla25@downs.net,Burgas,Serbia
Danielle,Zimmerman,ginawells@peck.com,Varna,United Kingdom
Barbara,Johnson,ibrown@bennett.com,Varna,Greece
Shawn,Lucero,michael71@frazier.info,Sofia,Greece
Amy,Wise,daybrent@lang.com,Sofia,Russia
Catherine,White,brian63@hotmail.com,Cluj-Napoca,United Kingdom
Michael,Allen,pennysmith@garcia.org,Constanta,United Kingdom
Thomas,Contreras,martinezrussell@baker.biz,Cluj-Napoca,Serbia
Jon,Scott,zbender@ball.com,Ruse,Germany
Alexandra,Campbell,yperez@price-price.info,Ruse,Serbia
Tyler,Austin,pbrown@miller-norman.com,Ruse,Greece
Kayla,Lyons,xwebb@roman.com,Ruse,Romania
Debbie,Valdez,boydgregory@gregory.info,Targoviste,Germany
Aaron,Berg,ounderwood@kelly.com,Burgas,Romania
Alyssa,Hess,brittanywallace@bradford.info,Constanta,Germany
William,Jenkins,stokesmatthew@yahoo.com,Sofia,Romania
John,Kane,fordmaria@yahoo.com,Ruse,Romania
David,Black,jason14@daugherty-thomas.com,Constanta,Greece
Joseph,Long,wwhitehead@yahoo.com,Ruse,United Kingdom
Timothy,Harris,roberthanson@watson.info,Constanta,Greece
Kristen,Jimenez,jmorgan@gmail.com,Cluj-Napoca,Romania
Wayne,Odom,ericwells@holmes.org,Sofia,United Kingdom
Christopher,Thompson,angelastark@hotmail.com,Sofia,Germany
Kara,Hall,katie89@yahoo.com,Constanta,Romania
Marie,Parrish,grahamjennifer@yahoo.com,Bucharest,Germany
Jimmy,Scott,melaniejohnson@montes-stephens.net,Ruse,Romania
Robert,Payne,paul91@hines.com,Sofia,Germany
Angela,Weber,martinezwilliam@gmail.com,Cluj-Napoca,Germany
Beth,Estrada,hillrichard@suarez-watkins.com,Burgas,Ukraine
Carrie,Wilson,john98@yahoo.com,Burgas,Germany
Gregory,Jackson,ningram@gmail.com,Plovdiv,Bulgaria
Clinton,Patrick,jacksonmichael@castillo.com,Constanta,Bulgaria
Gregory,Rodriguez,peterbuchanan@gmail.com,Cluj-Napoca,Russia
Misty,Davis,davidaguirre@yahoo.com,Varna,Romania
Melissa,Mcfarland,lyoung@bennett.com,Constanta,Germany
Travis,Scott,heather99@norris.com,Ruse,Bulgaria
Danny,Nguyen,heidi05@adkins.com,Bucharest,Greece
Brittney,Ruiz,martinezcarl@hotmail.com,Cluj-Napoca,Poland
Patricia,Thompson,qmahoney@hotmail.com,Cluj-Napoca,United Kingdom
Lori,Marquez,wernerjohn@hotmail.com,Bucharest,Ukraine
Maria,Guerrero,spearsjesse@gmail.com,Cluj-Napoca,United Kingdom
Tina,Watkins,stevenlyons@yahoo.com,Targoviste,Russia
Krista,Payne,greenandrew@riggs.com,Constanta,Germany
April,Yates,melissa93@gonzalez.com,Varna,Russia
Maurice,Nunez,sergiojohnston@fox.com,Varna,Romania
Annette,Martinez,tylerbryant@hotmail.com,Burgas,Poland
Kristen,King,vporter@gmail.com,Constanta,United Kingdom
Marisa,Randall,smithcody@yahoo.com,Varna,Germany
Jessica,Torres,melissa99@munoz.com,Ruse,Poland
Howard,Walker,lovetanya@yahoo.com,Burgas,United Kingdom
John,Cole,heidi59@hotmail.com,Bucharest,Ukraine
Dylan,Wilson,ckaiser@hotmail.com,Varna,Poland
Jacqueline,Williams,fbuchanan@hansen.info,Sofia,Germany
Scott,Mcdonald,john40@gmail.com,Burgas,Greece
Stephen,Hardy,kgomez@black-lewis.com,Sofia,Romania
Christina,Allen,cameron88@stanley-wu.biz,Varna,United Kingdom
Andrew,Sherman,christinealvarado@bryant.com,Cluj-Napoca,Russia
Patricia,Wilson,fhill@yahoo.com,Targoviste,Poland
Jennifer,Jones,russellantonio@yahoo.com,Varna,Romania
Diane,Jones,treed@yahoo.com,Ruse,Ukraine
Timothy,Russo,josephmartinez@yahoo.com,Constanta,Romania
Roberto,Jones,martinandrew@salas.com,Cluj-Napoca,Romania
David,Lopez,phillip19@webb.info,Bucharest,Poland
Ashley,Silva,colemanjennifer@yahoo.com,Varna,Bulgaria
Michelle,Soto,pespinoza@yahoo.com,Targoviste,Poland
Maria,Williams,bowerssara@peck.biz,Constanta,Romania
Alan,Torres,david16@kennedy.net,Plovdiv,Russia
Tammy,Page,ashleygarcia@yahoo.com,Varna,Ukraine
Jeffrey,Weiss,johnphillips@hotmail.com,Varna,Germany
Michelle,Meyers,martinpaul@rodriguez.info,Burgas,Greece
Amy,Lopez,melissa72@yahoo.com,Bucharest,United Kingdom
Rachel,Kelly,gonzalesashley@hotmail.com,Bucharest,Poland
Jacob,Bradford,ashleybenson@spears.net,Bucharest,Germany
Richard,Carter,banderson@maddox.net,Bucharest,Serbia
Zachary,Donovan,landrydesiree@gmail.com,Plovdiv,United Kingdom
Kristi,Brown,ambertaylor@yahoo.com,Bucharest,Bulgaria
Elizabeth,Harris,john50@baldwin-martinez.net,Bucharest,Russia
Peter,Pena,duncanconnie@hotmail.com,Ruse,Russia
Robin,Rowland,qeverett@gmail.com,Targoviste,Ukraine
Pamela,Jackson,donald68@elliott.com,Constanta,United Kingdom
Nicholas,Morales,michaelmiller@nelson.info,Plovdiv,Ukraine
Charles,Scott,joann46@rangel.net,Plovdiv,United Kingdom
Haley,Obrien,jmcneil@odonnell.net,Sofia,Germany
Jeremiah,Nelson,vincentdavidson@morris-schultz.com,Cluj-Napoca,Bulgaria
Maria,Douglas,pateljohn@yahoo.com,Cluj-Napoca,Germany
Christopher,Hanson,sarah56@alexander-george.com,Varna,Russia
James,Blake,zachary04@nichols.com,Plovdiv,Poland
Ashley,Burgess,martineztyler@pierce.biz,Constanta,United Kingdom
Natasha,Torres,david77@yahoo.com,Targoviste,Bulgaria
Victoria,Beck,joanedwards@saunders-ward.net,Bucharest,Poland
Michael,Davis,ldickerson@velez.com,Sofia,Russia
Valerie,Harrell,murrayandrew@yahoo.com,Sofia,Poland
Suzanne,Smith,tammy57@yahoo.com,Ruse,Russia
Rachel,Watson,polson@anderson.com,Ruse,Romania
Sheryl,Huber,leah86@hotmail.com,Plovdiv,Poland
Patrick,Hawkins,pwashington@ortiz.com,Targoviste,Bulgaria
Mark,Martin,petersenwilliam@hotmail.com,Bucharest,Poland
Brittany,Guzman,kbowman@hotmail.com,Targoviste,Bulgaria
Joseph,Carrillo,josephchang@peterson-leblanc.com,Burgas,Greece
Christina,Perez,petersonstephanie@ayers.com,Sofia,Greece
Daniel,Jones,banksrobert@hotmail.com,Varna,Serbia
Edward,Huerta,brownariana@thomas-west.com,Plovdiv,Poland
Bobby,Nguyen,ytaylor@robinson-cook.com,Ruse,Greece
Christopher,Choi,williamsnicholas@rivera.com,Ruse,Germany
Robyn,Huang,rbrown@yahoo.com,Targoviste,Poland
Andrew,Young,hartmankathy@yahoo.com,Constanta,Serbia
Nicole,Lopez,jeffreydunn@moody.com,Ruse,Greece
Sharon,Perry,charlesmays@gmail.com,Targoviste,Romania
Julie,Williams,sonya26@yahoo.com,Ruse,Romania
Melissa,Hall,williamwest@rodriguez.org,Cluj-Napoca,Russia
Tony,Hunt,shaunmartin@taylor-duncan.info,Sofia,Germany
Curtis,Martin,reedjerry@hotmail.com,Varna,United Kingdom
Alexandra,Reed,markrice@martinez-hill.biz,Varna,Germany
Elizabeth,Bishop,hebertjamie@hotmail.com,Targoviste,Russia
Lisa,Patterson,susan32@campos-costa.com,Constanta,Germany
Hector,Chaney,qwalker@morales.org,Varna,Greece
Daniel,Carroll,castrotina@perkins-roberts.org,Sofia,Ukraine
Linda,Barrett,vmcintosh@hotmail.com,Cluj-Napoca,Bulgaria
Angela,White,megan06@hotmail.com,Constanta,United Kingdom
Melanie,Herrera,sarah19@barker.info,Sofia,United Kingdom
Laura,Mccormick,hunterjennifer@yahoo.com,Plovdiv,United Kingdom
Samantha,Davis,ryan05@diaz.biz,Ruse,Poland
John,Smith,alexandrialee@everett-romero.com,Sofia,Poland
Shelly,Hill,crawfordtara@wilkinson.com,Plovdiv,Russia
James,Jones,kathryn19@ray-cooper.com,Constanta,Bulgaria
Lisa,Yoder,dorothy65@gmail.com,Ruse,Romania
Sarah,Hamilton,sandra41@gmail.com,Sofia,Ukraine
Michael,Martinez,ashleyward@miller-gomez.com,Ruse,Germany
Robert,Day,lowens@cole.com,Varna,United Kingdom
Frank,Daniels,wweber@miller.info,Sofia,United Kingdom
Julie,Perez,barbara99@gmail.com,Constanta,Ukraine
Tyler,Wells,stephaniepalmer@lewis.com,Plovdiv,Bulgaria
David,Smith,anichols@hotmail.com,Targoviste,Germany
Keith,Webb,elopez@moreno-johnson.com,Sofia,Russia
Alexis,Aguilar,mitchell13@gmail.com,Targoviste,Greece
Garrett,Young,jjohnson@hotmail.com,Plovdiv,Germany
Shaun,Jennings,zmoreno@jackson.info,Plovdiv,Romania
Robert,Gonzales,caitlinlong@tate.info,Bucharest,Serbia
Elizabeth,Dixon,tuckerkelly@sawyer.com,Plovdiv,Serbia
Benjamin,Evans,daniel41@gmail.com,Plovdiv,Serbia
Brittany,Rodriguez,villegasrobert@harris-pratt.biz,Targoviste,Romania
Alicia,Allen,vgarza@gmail.com,Sofia,Serbia
Angela,Lewis,kirsten04@hotmail.com,Constanta,United Kingdom
Eugene,Wright,michaeljames@conrad-moreno.com,Constanta,Bulgaria
William,Thompson,bauervincent@mclaughlin.com,Targoviste,Greece
Scott,Walter,ramirezcolleen@mccarty.org,Sofia,Romania
Tina,Brown,tracy22@melton-williams.com,Burgas,Romania
Michael,Bowen,rgolden@hotmail.com,Plovdiv,Serbia
Kyle,Martinez,zbanks@lewis-williams.com,Burgas,Ukraine
Steve,Hines,bryan63@carpenter.com,Plovdiv,Germany
Donna,Burns,zacharybutler@buck.com,Sofia,Romania
Eric,Mccullough,jwolfe@carr.biz,Bucharest,Russia
David,Alvarez,elane@gmail.com,Constanta,Poland
Sydney,Brown,kevincarter@richards-miller.com,Sofia,Russia
Sean,Ellis,ebrooks@howard-ochoa.com,Targoviste,Romania
Jonathon,Craig,fostergary@hotmail.com,Cluj-Napoca,Bulgaria
John,Buchanan,shortrobert@yahoo.com,Ruse,Greece
Bill,Gordon,lawrencejacqueline@bowman.net,Varna,Bulgaria
David,King,rcontreras@livingston.com,Targoviste,Russia
Lisa,Smith,hannahhanson@munoz.org,Varna,Greece
Michelle,Graham,christopher72@yahoo.com,Varna,Romania
Marc,Dalton,ibailey@yahoo.com,Bucharest,Russia
David,Boone,danieldaniel@sanchez.net,Cluj-Napoca,Russia
Kelly,Butler,qle@gmail.com,Varna,Ukraine
Stephen,Martin,megancardenas@yahoo.com,Bucharest,Romania
Austin,Farmer,lmiller@hartman-joseph.com,Targoviste,United Kingdom
William,Martin,brendaholloway@hawkins-williams.biz,Sofia,Bulgaria
Brandon,Walter,heidiwilliams@mercado-sutton.org,Bucharest,Poland
Zachary,Smith,william25@chambers.org,Varna,Poland
Patrick,Brooks,sarahfuentes@yahoo.com,Bucharest,Romania
Elizabeth,Thompson,mathisjeffrey@conley.com,Cluj-Napoca,Ukraine
Casey,Ingram,collinscarrie@lawrence.biz,Burgas,United Kingdom
Grant,Barrett,scottstein@taylor.org,Ruse,Romania
Brittney,Martin,tuckerbrittany@gmail.com,Varna,Russia
Keith,Butler,franklinmoore@gmail.com,Ruse,Bulgaria
Amber,Rasmussen,annaphillips@yahoo.com,Constanta,United Kingdom
David,Willis,achristian@hotmail.com,Burgas,Russia
Beverly,Lopez,mirandamaxwell@gmail.com,Cluj-Napoca,United Kingdom
Crystal,Rivera,ryanmartinez@sanchez.com,Targoviste,Germany
Wendy,Nelson,buckleygregory@hotmail.com,Plovdiv,Bulgaria
Joshua,Frazier,rthompson@kelley.com,Targoviste,Romania
Marvin,Spears,fwilson@yates-dunn.com,Ruse,Bulgaria
Julie,Flores,julianicholson@hotmail.com,Burgas,Bulgaria
Michael,Lewis,ywheeler@gmail.com,Targoviste,Germany
Claire,Hudson,rvargas@gmail.com,Ruse,Ukraine
Gabriel,Schneider,gainescarolyn@holder.com,Varna,Romania
Juan,Brown,qmoran@gmail.com,Ruse,Bulgaria
Kurt,Miller,wilsonmary@powers-oneill.com,Constanta,Ukraine
Karen,Gordon,butlermary@yahoo.com,Constanta,Germany
Devon,Oneal,connerjuan@yahoo.com,Ruse,Romania
Jamie,Simon,brad82@yahoo.com,Bucharest,Serbia
Rose,Lopez,lesliesimmons@robinson.com,Plovdiv,Poland
Douglas,Olson,timothybarajas@rowland.org,Ruse,Greece
Kurt,Watkins,owarren@marquez.com,Sofia,Romania
Nicole,Chen,douglaschan@anderson.org,Plovdiv,Romania
Heather,Norton,brandon37@young-clark.com,Burgas,Greece
Joseph,Wilcox,ahowell@bridges-shaffer.com,Ruse,Ukraine
Michael,Nicholson,steven92@gmail.com,Ruse,Bulgaria
Darrell,Gilbert,ryanlloyd@white.com,Cluj-Napoca,United Kingdom
Erin,Mendez,jennynichols@daugherty.com,Constanta,Romania
Randall,Johnson,pholland@hotmail.com,Bucharest,Russia
Brenda,Gonzales,amartinez@montoya.org,Burgas,Bulgaria
Brenda,Lawson,michaelgomez@gmail.com,Cluj-Napoca,Germany
David,Hodge,johnfarmer@hotmail.com,Sofia,Germany
David,Murphy,marienewman@leach-wright.com,Sofia,Greece
Mary,Ward,yburns@gmail.com,Ruse,Germany
Gary,Hill,lli@smith-gray.net,Bucharest,United Kingdom
Jamie,Mora,djohnson@hotmail.com,Varna,Ukraine
Elizabeth,Chavez,rubiokathy@huffman.com,Ruse,Greece
Darryl,Moore,michaelperkins@hotmail.com,Bucharest,Greece
Philip,Johnston,douglas33@scott-williams.com,Bucharest,Bulgaria
James,Thomas,allisonmckay@gmail.com,Cluj-Napoca,Poland
Melissa,King,brooksdenise@thompson.biz,Burgas,Romania
Emily,Ramos,salaslorraine@bailey.com,Varna,Ukraine
Christopher,Warren,rsmith@saunders.com,Sofia,United Kingdom
Michelle,Brown,wjones@mcintyre.info,Cluj-Napoca,Greece
Andres,Serrano,mitchellfisher@gmail.com,Varna,Greece
Kathryn,Gentry,nathan70@yahoo.com,Bucharest,Ukraine
Amy,Leblanc,stacey02@hotmail.com,Cluj-Napoca,Russia
Renee,Byrd,mariawalls@hotmail.com,Plovdiv,Greece
Ryan,Sullivan,qlawrence@richard.biz,Sofia,Germany
Sara,Perry,idaniels@gallegos-martinez.info,Varna,Russia
John,Braun,vanessa99@smith.com,Varna,Poland
Jacqueline,Vazquez,kcarlson@woodward.com,Constanta,Serbia
Angela,Jones,egentry@hotmail.com,Bucharest,Romania
Andrea,Good,ledwards@yahoo.com,Sofia,Serbia
Ann,Bradford,hlewis@flores.com,Bucharest,United Kingdom
Stephanie,Ford,sullivankathy@yahoo.com,Sofia,Poland
April,Anderson,wilsonmatthew@hotmail.com,Constanta,Greece
Tyler,Ray,vpeterson@young.org,Plovdiv,Bulgaria
Amanda,English,karenbond@gmail.com,Burgas,Russia
Julie,Gonzalez,joseph63@jones.com,Cluj-Napoca,Russia
Zachary,Lindsey,patrick95@cox-rodriguez.com,Cluj-Napoca,Greece
Sarah,James,vbuchanan@hotmail.com,Varna,Bulgaria
Trevor,Leach,edwin38@hotmail.com,Cluj-Napoca,Russia
Debra,Foster,slyons@martin-davis.net,Bucharest,Romania
James,Myers,kennethmiles@austin.org,Sofia,Russia
Bobby,Williams,brennankimberly@johnston-waters.com,Targoviste,Ukraine
Tim,Lin,scottrobinson@ortiz-nielsen.com,Targoviste,Serbia
Michael,Downs,ryanchristian@gmail.com,Varna,Poland
David,Parks,edgarwilson@carter.info,Ruse,Serbia
Juan,Jones,david51@parker.biz,Targoviste,Poland
James,Sanders,laurie55@yahoo.com,Bucharest,United Kingdom
Charles,Valdez,amorris@yahoo.com,Burgas,United Kingdom
Angela,Aguilar,orivera@davidson-snyder.net,Sofia,Romania
Kyle,Cook,pshelton@marshall.info,Constanta,Greece
Catherine,Wilson,austinnichols@yahoo.com,Burgas,Ukraine
Alan,Allen,william69@moore.com,Cluj-Napoca,Serbia
Jose,Navarro,krista92@yahoo.com,Constanta,Russia
Michael,Michael,tprice@yahoo.com,Bucharest,Bulgaria
Kimberly,Bass,wjames@gmail.com,Cluj-Napoca,United Kingdom
Jon,Yates,ireeves@gmail.com,Constanta,Bulgaria
Jeremiah,Greene,joseph63@gmail.com,Sofia,Greece
Monica,Rodriguez,perry68@yahoo.com,Targoviste,United Kingdom
Anna,Conner,janegordon@lynch-williams.com,Constanta,Germany
Olivia,Davis,franceswilliams@blake.com,Constanta,Russia
Jessica,Knight,timothy30@miller.org,Sofia,United Kingdom
Daniel,Roberts,brianathomas@thomas.org,Constanta,Russia
John,Turner,christine03@yahoo.com,Targoviste,Greece
Julie,Lewis,gallowaycynthia@hancock-chapman.com,Targoviste,Serbia
Justin,Moreno,willisryan@gmail.com,Bucharest,Romania
Jason,Smith,perezmark@matthews.com,Constanta,Romania
Jonathan,Wang,brianna71@lawson.com,Sofia,Romania
Renee,Perkins,brownkathleen@hotmail.com,Targoviste,United Kingdom
Daniel,Morales,oconnellnicole@acosta.org,Plovdiv,Germany
Sandra,Diaz,ngriffin@yahoo.com,Burgas,Poland
Lauren,Ferguson,stephensadam@crawford.com,Plovdiv,Ukraine
Albert,Morales,jeremy30@williams-clark.info,Cluj-Napoca,Germany
Scott,Mcneil,veronica93@avila.com,Varna,Romania
Tara,Pena,kerry63@marshall.biz,Targoviste,Greece
Steven,Nolan,mhamilton@yahoo.com,Targoviste,Serbia
Julian,Moore,stevenskimberly@hotmail.com,Burgas,Bulgaria
Michael,Mcgrath,scott20@gmail.com,Burgas,Bulgaria
Brandon,Rivera,mcconnellmatthew@gmail.com,Ruse,Serbia
Christine,Greene,xpeterson@perkins-schmidt.com,Sofia,Romania
Tracie,Robertson,keith03@hotmail.com,Plovdiv,Bulgaria
Stephanie,Stevens,lauren22@francis.org,Ruse,Bulgaria
Jose,Guzman,staceylin@wise-johnston.com,Bucharest,Romania
Chad,Sanchez,carpenterlinda@hotmail.com,Plovdiv,Germany
Matthew,Galvan,georgenielsen@yahoo.com,Sofia,Romania
Jeffery,Williams,etorres@kemp-miller.biz,Sofia,Romania
John,Crane,martinezellen@yahoo.com,Bucharest,Germany
Nancy,Howard,rwilliams@taylor.com,Cluj-Napoca,Serbia
Timothy,Pearson,ericbarton@rivas.com,Targoviste,Bulgaria
Tracy,Davenport,tjohnson@gmail.com,Sofia,Russia
Timothy,Contreras,eingram@yahoo.com,Targoviste,Poland
Rachel,Drake,fli@hotmail.com,Constanta,Poland
Ashley,Maynard,joshua15@gmail.com,Targoviste,Serbia
Albert,Blake,sallen@yahoo.com,Plovdiv,Romania
Desiree,Bond,williamsmelanie@yahoo.com,Varna,Romania
Juan,Clark,taylorlyons@hotmail.com,Targoviste,Bulgaria
Andre,Briggs,kmunoz@yahoo.com,Bucharest,Romania
Denise,Curtis,hopkinsrobert@spencer.info,Constanta,Romania
Jon,Collins,dennis86@king.com,Sofia,Germany
Jimmy,Gray,kendra44@yahoo.com,Constanta,Ukraine
Kelsey,Mccormick,cruztrevor@hotmail.com,Plovdiv,United Kingdom
Charles,Johnson,chadberry@gmail.com,Bucharest,Germany
Erin,Thompson,whitealexander@dudley.com,Cluj-Napoca,Russia
Leah,Odom,nathan04@carlson.com,Targoviste,Greece
Karla,Carlson,vbrown@young.com,Plovdiv,Serbia
Victoria,Garza,aschwartz@gmail.com,Constanta,Ukraine
Andrea,Cortez,rachelwelch@romero-mason.com,Bucharest,Russia
Amy,Stewart,christopherflynn@peters.com,Varna,Russia
Eric,Sanchez,charles40@wagner.com,Plovdiv,Poland
Tina,Tanner,ramosmatthew@hotmail.com,Constanta,Russia
Dawn,Mendez,jimmysmith@yahoo.com,Plovdiv,Poland
Todd,Williams,maysjames@blair.info,Plovdiv,Serbia
Robert,Fitzgerald,christopherfinley@gray.biz,Targoviste,Germany
Timothy,Reed,lozanostacey@spears-christensen.com,Burgas,United Kingdom
George,Thompson,sgarcia@jacobson.info,Burgas,Poland
Alexa,Rios,clarkrichard@gmail.com,Sofia,Serbia
Jennifer,Gibbs,scotttran@anderson.com,Bucharest,Greece
Mary,Gregory,riveratammy@yahoo.com,Cluj-Napoca,Serbia
Sandra,Parker,gina39@clark.com,Plovdiv,Bulgaria
Joseph,Parsons,david37@hotmail.com,Sofia,Germany
Alexis,Ramos,jameswalker@smith-hernandez.com,Constanta,Serbia
Steven,Ramos,jonathonbrown@williams.net,Targoviste,Poland
Joseph,Rodriguez,jennifergonzalez@hotmail.com,Cluj-Napoca,Germany
Crystal,Ochoa,lindamitchell@hotmail.com,Burgas,Ukraine
Megan,Pollard,alejandro52@yahoo.com,Burgas,Germany
Felicia,Chen,igreer@gmail.com,Varna,Russia
Cory,Wright,tara45@hotmail.com,Plovdiv,Russia
Paul,Hendrix,ronaldwalker@williams.org,Bucharest,United Kingdom
Robert,Cabrera,kcooper@gmail.com,Varna,United Kingdom
Aaron,Jackson,craig36@miller.info,Targoviste,Ukraine
Victoria,Decker,john03@hotmail.com,Sofia,Bulgaria
David,Riley,richardnavarro@bowman.com,Constanta,Germany
Cory,Mcdonald,kanejames@gmail.com,Constanta,Serbia
Karen,Taylor,alexandradaniels@gmail.com,Sofia,United Kingdom
Scott,Carlson,benjaminschmidt@gmail.com,Cluj-Napoca,Bulgaria
Reginald,Olson,wendymason@yahoo.com,Plovdiv,Poland
William,Davis,alexanderhorne@gmail.com,Plovdiv,Poland
Patricia,Evans,lammichael@thomas.com,Bucharest,Bulgaria
Steven,Taylor,stonedwayne@spencer.com,Sofia,Bulgaria
Dawn,Flores,michael35@frazier.net,Targoviste,Germany
Andrew,Harmon,vsimmons@smith.org,Sofia,Greece
Laura,King,yorkrobert@hotmail.com,Sofia,Poland
Francisco,Houston,lloydbonnie@buchanan.net,Varna,Poland
James,Moore,psmith@anderson-taylor.com,Varna,Germany
Lance,George,bhines@jordan.com,Constanta,Ukraine
Richard,Patterson,rcarter@yahoo.com,Burgas,Ukraine
Brittany,Stewart,tiffany60@hotmail.com,Ruse,Ukraine
Daniel,Ferguson,grantanthony@yahoo.com,Burgas,Bulgaria
Katie,Campbell,tammyhunt@yahoo.com,Cluj-Napoca,Germany
Christopher,Gonzalez,aaroncuevas@hotmail.com,Varna,Romania
Russell,Hart,matthew32@lang-chavez.com,Plovdiv,Germany
Justin,Williams,ndavies@owen-romero.com,Varna,Poland
Amanda,Johnson,keithjonathan@russell.com,Ruse,Bulgaria
Spencer,Leonard,alex04@gmail.com,Constanta,Greece
Dana,Bell,racheljohnson@yahoo.com,Targoviste,United Kingdom
Dylan,Hampton,calvin34@hotmail.com,Plovdiv,Germany
James,Gallagher,hannah56@johnson.com,Varna,Bulgaria
Kimberly,Curtis,sbriggs@hotmail.com,Cluj-Napoca,Serbia
Gary,Williams,mfrazier@yahoo.com,Bucharest,Ukraine
Christopher,Lopez,eparsons@meyer-salinas.com,Constanta,Russia
Jamie,Ellison,ann49@white-gutierrez.com,Ruse,Russia
Wyatt,Huffman,mullinsgary@rivera.biz,Ruse,Russia
Kathy,Martinez,rodriguezjodi@palmer.com,Targoviste,Greece
Kevin,Nichols,melissa85@phillips-hendrix.net,Plovdiv,Serbia
Michele,Banks,daniel17@henry.info,Burgas,United Kingdom
Robert,Morris,emmataylor@wilson.com,Varna,Greece
Stephanie,Singh,sarahwolf@hotmail.com,Varna,Russia
Kelsey,Miller,taylorgrace@barnes.org,Sofia,United Kingdom
Vanessa,Wilson,marvin23@yahoo.com,Cluj-Napoca,Greece
Sarah,Williamson,crystal13@brown-mills.com,Plovdiv,Bulgaria
John,Anderson,nicholas23@hotmail.com,Targoviste,Ukraine
Timothy,Hubbard,khancock@clark.com,Varna,Greece
Toni,Mason,jsnow@hotmail.com,Ruse,Greece
Ashley,Gates,veronicamorales@ramos.net,Cluj-Napoca,Ukraine
Jacqueline,Mcgee,matthewhuffman@guzman-jones.com,Cluj-Napoca,Greece
Rachael,Williams,patriciawalsh@yahoo.com,Plovdiv,Greece
Janice,Schroeder,derrick71@miller.com,Cluj-Napoca,Poland
James,Miller,peterprice@rivera-roberts.com,Bucharest,Serbia
April,Brown,millerbrenda@white.com,Bucharest,United Kingdom
Julie,Austin,kathleen35@chambers-roberts.biz,Sofia,Russia
Emily,Jones,curtis78@hotmail.com,Constanta,Poland
Melinda,Jackson,lucerowalter@wilson.com,Cluj-Napoca,Romania
Scott,Herrera,sheila19@hotmail.com,Bucharest,Ukraine
Micheal,Price,bgonzales@mccarthy.com,Targoviste,Ukraine
Jennifer,Wright,meadowschristina@sanchez.biz,Varna,Russia
Tina,Woods,wrightkevin@yahoo.com,Sofia,Poland
Debra,Thomas,zford@edwards.com,Sofia,Bulgaria
Diane,Duarte,athomas@gmail.com,Constanta,Germany
Christina,Brown,pamela09@hill.com,Varna,Serbia
Jennifer,Rodriguez,michaelwilliams@gmail.com,Constanta,Romania
Randy,Chen,burkeanthony@todd.com,Cluj-Napoca,Ukraine
John,Fields,mary71@simpson.org,Targoviste,Romania
Victoria,Garcia,deckersarah@brown-sherman.org,Cluj-Napoca,Russia
Rhonda,Kelly,kimjanet@hotmail.com,Sofia,Greece
Eric,Nelson,jacqueline45@martin-maldonado.com,Varna,Poland
Christine,Lee,johnsonmichelle@myers.com,Cluj-Napoca,Ukraine
Nicholas,Walker,ricealan@moody.com,Ruse,Serbia
Michael,Gillespie,nelsonwayne@gmail.com,Sofia,Russia
Michelle,Wu,imorgan@yahoo.com,Bucharest,Russia
Kristopher,Anderson,hillmargaret@shelton.org,Targoviste,Serbia
Natalie,Bray,nguyenbrenda@davis.com,Ruse,Poland
John,Moreno,rebecca59@lynch.info,Bucharest,Romania
Randy,Simmons,mmendez@moore.org,Plovdiv,Bulgaria
Melissa,Liu,hartamanda@yahoo.com,Targoviste,United Kingdom
Kevin,Turner,kevintran@johnson.com,Cluj-Napoca,Ukraine
Miguel,Jackson,kenneth29@yahoo.com,Bucharest,United Kingdom
Jacob,Beck,spencer01@adams-patel.com,Ruse,Poland
Stephen,Manning,burnettpaul@gmail.com,Constanta,Russia
Bonnie,Davis,kristinbrown@payne.com,Bucharest,Greece
Michael,Hood,lauren46@smith.com,Plovdiv,Poland
Autumn,Peck,colson@wyatt.net,Cluj-Napoca,Serbia
Sierra,Wright,lesterjulia@hotmail.com,Ruse,Poland
Jeffrey,Hawkins,gail38@hotmail.com,Cluj-Napoca,United Kingdom
Julie,Hooper,karla97@pope.com,Targoviste,Russia
John,Kirby,hilljonathan@hotmail.com,Constanta,Serbia
Ronnie,Smith,hernandezmichelle@hotmail.com,Varna,United Kingdom
Andre,Wheeler,olivia17@yahoo.com,Cluj-Napoca,Romania
Steven,Sherman,zachary60@yahoo.com,Burgas,Ukraine
Julie,Perkins,xroman@yahoo.com,Plovdiv,Greece
Christopher,Higgins,desiree97@porter-stevens.com,Varna,Serbia
Kevin,Diaz,brianjohnson@yahoo.com,Constanta,Bulgaria
James,Kaufman,jspencer@watson.org,Burgas,Serbia
Brenda,Spence,robinsonmelissa@yahoo.com,Bucharest,Bulgaria
Danielle,Crawford,smason@hotmail.com,Sofia,Poland
Joshua,Watson,hunterdanielle@yahoo.com,Burgas,Ukraine
Sara,Coleman,bonillakari@yahoo.com,Cluj-Napoca,United Kingdom
Amber,Diaz,alexacoleman@vazquez.com,Burgas,United Kingdom
William,Riley,thomasryan@yahoo.com,Targoviste,Greece
Jeffrey,Brooks,vdunn@garcia.info,Burgas,United Kingdom
William,Smith,oburke@yahoo.com,Sofia,Bulgaria
Linda,Ramirez,ericabbott@gmail.com,Varna,Russia
Mark,Fletcher,elizabethmonroe@hartman-hanson.com,Constanta,Russia
Michael,Jones,rbaker@rivera.com,Ruse,Poland
Casey,Wolfe,kleinstephanie@nelson.com,Bucharest,Ukraine
Grant,Smith,bushjoyce@todd-martin.com,Cluj-Napoca,Bulgaria
Loretta,Lee,valenzuelaholly@taylor.com,Sofia,Bulgaria
Mary,Day,qstuart@hotmail.com,Bucharest,Germany
Melissa,Welch,calderoncolin@yahoo.com,Cluj-Napoca,Germany
Derek,Rogers,millerjason@hotmail.com,Sofia,Romania
Mason,Johnson,omorton@pugh.net,Constanta,Romania
Troy,Kelly,gloriaprice@clark.com,Ruse,Poland
Steven,Cooke,silvachris@ochoa.com,Varna,United Kingdom
James,Willis,daughertyalan@gmail.com,Cluj-Napoca,Germany
Sonya,Brennan,lopezrebecca@gmail.com,Plovdiv,Poland
Howard,Carrillo,petersenzachary@pope.com,Targoviste,Romania
Jessica,Nelson,rogermontes@hotmail.com,Ruse,Poland
Stephen,Johnson,daniel71@cox.info,Bucharest,Serbia
Elizabeth,Lyons,earmstrong@hill-herrera.com,Ruse,Russia
Michelle,Miller,raymond73@yahoo.com,Varna,Poland
David,Price,ncarter@gmail.com,Burgas,Serbia
Andrew,Werner,brownjerry@gmail.com,Cluj-Napoca,Romania
James,Kennedy,wigginskevin@wilson-gibson.com,Ruse,Russia
Alicia,Miller,thubbard@smith.com,Plovdiv,Germany
Sandra,Kelley,jacksonrichard@yahoo.com,Varna,Russia
Jonathan,White,robertmadden@smith.com,Varna,Romania
Ronald,Rojas,vegabrendan@moran-berg.com,Burgas,Bulgaria
Joshua,Perez,harrisondavid@abbott.com,Plovdiv,Romania
Jared,Smith,mark89@kline.org,Cluj-Napoca,Romania
Phillip,James,adoyle@hotmail.com,Ruse,Ukraine
Sonya,Roberts,michael34@hotmail.com,Ruse,Romania
Charles,Elliott,ivillanueva@hotmail.com,Varna,Ukraine
Megan,Moore,leon03@gmail.com,Constanta,Serbia
Brian,Peterson,rogermcdaniel@walker.net,Cluj-Napoca,United Kingdom
Ashley,Chapman,xdaugherty@hotmail.com,Cluj-Napoca,Greece
Timothy,Gray,petersdeborah@lowe.com,Sofia,Greece
Katie,Smith,donald54@coleman-ballard.com,Cluj-Napoca,Ukraine
Maria,Johnson,jhughes@gmail.com,Cluj-Napoca,Bulgaria
Douglas,Myers,samanthapena@yahoo.com,Ruse,Romania
Brandon,Martin,kathryn84@wood.com,Burgas,Romania
Rhonda,Berry,castanedacynthia@richardson.info,Ruse,Ukraine
Nancy,Reed,denise05@hotmail.com,Varna,United Kingdom
Julia,Burnett,qanderson@aguirre.com,Cluj-Napoca,Ukraine
Angela,Murphy,jcook@hotmail.com,Ruse,Ukraine
David,Flores,jennashah@dougherty.com,Varna,Bulgaria
Michael,Warner,jeremy64@ingram.biz,Targoviste,United Kingdom
Kelly,Davis,fspencer@simpson.com,Burgas,Serbia
Katrina,Ramos,michelle08@hotmail.com,Constanta,Germany
Christopher,Roth,alexanderhayden@gmail.com,Varna,Germany
Jack,Hughes,jeremy03@mooney-gonzalez.com,Ruse,Serbia
Michelle,Santos,sarah37@cummings.org,Burgas,United Kingdom
Mary,Rodriguez,johnrich@harding-rogers.com,Constanta,United Kingdom
Jasmine,Guzman,ocarr@hotmail.com,Constanta,Ukraine
Chase,Marshall,willie01@brock-craig.com,Plovdiv,Serbia
Melissa,Perry,kmcdonald@yahoo.com,Sofia,Greece
Ryan,Norton,lambertdorothy@gmail.com,Plovdiv,Bulgaria
William,Henderson,kristentyler@nelson.com,Ruse,Germany
Micheal,Gates,imills@hotmail.com,Plovdiv,Germany
Bonnie,Rivera,brendamartinez@gmail.com,Burgas,Bulgaria
Michelle,Gutierrez,molinaangela@marshall.net,Ruse,United Kingdom
Michael,Freeman,daniel86@gmail.com,Constanta,Ukraine
Candice,Taylor,mendozaanna@smith.net,Bucharest,Germany
Shannon,Allen,andreasloan@gmail.com,Cluj-Napoca,Romania
Alexander,Cross,iadams@mills.com,Targoviste,Ukraine
Janet,Gray,michaelserrano@hotmail.com,Burgas,Serbia
Karen,Shea,cingram@gmail.com,Cluj-Napoca,Poland
Jon,Thompson,jasonfisher@yahoo.com,Varna,Germany
Ana,Jefferson,maria06@sheppard.net,Bucharest,Romania
Christopher,Morton,qfloyd@yahoo.com,Constanta,Greece
Michelle,Clay,linerin@yahoo.com,Sofia,Greece
Jose,Stewart,stephenvincent@whitney.biz,Ruse,Bulgaria
Todd,Mckay,richardsamy@yahoo.com,Constanta,Ukraine
Dennis,Lopez,lindarogers@gmail.com,Varna,Romania
Thomas,Watkins,jamesmorrison@simmons-gonzalez.com,Burgas,United Kingdom
Gary,Stevens,nparker@thompson.net,Sofia,Ukraine
Tyler,Rivera,davisthomas@yahoo.com,Targoviste,Poland
Charles,Vega,fordkathleen@davis-vaughn.biz,Bucharest,United Kingdom
Alan,Howard,sampsonchristine@yahoo.com,Bucharest,Russia
Angela,Kennedy,xvega@zhang.com,Sofia,Bulgaria
Yolanda,Roman,ehernandez@yahoo.com,Bucharest,Greece
Cynthia,Harris,jamesanthony@yahoo.com,Sofia,Ukraine
Lee,Bowman,lfrazier@chan.com,Targoviste,Bulgaria
Gregory,Jones,pwright@yahoo.com,Ruse,Greece
James,Herrera,ekline@bailey-williams.com,Sofia,United Kingdom
